Date/Time,Unit,Value
2022-05-25 00:02:00,C,19.5
2022-05-25 01:02:00,C,19.0
2022-05-25 02:02:00,C,19.0
2022-05-25 03:02:00,C,19.0
2022-05-25 04:02:00,C,19.0
2022-05-25 05:02:00,C,20.5
2022-05-25 06:02:00,C,20.0
2022-05-25 07:02:00,C,19.5
2022-05-25 08:02:00,C,19.0
2022-05-25 09:02:00,C,18.5
2022-05-25 10:02:00,C,22.0
2022-05-25 11:02:00,C,23.0
2022-05-25 12:02:00,C,24.0
2022-05-25 13:02:00,C,23.5
2022-05-25 14:02:00,C,23.5
2022-05-25 15:02:00,C,25.0
2022-05-25 16:02:00,C,24.0
2022-05-25 17:02:00,C,23.5
2022-05-25 18:02:00,C,26.0
2022-05-25 19:02:00,C,23.0
2022-05-25 20:02:00,C,25.0
2022-05-25 21:02:00,C,24.5
2022-05-25 22:02:00,C,24.0
2022-05-25 23:02:00,C,24.0
2022-05-26 00:02:00,C,24.0
2022-05-26 00:03:00,C,23.0
2022-05-26 01:02:00,C,23.5
2022-05-26 01:03:00,C,23.0
2022-05-26 02:02:00,C,23.5
2022-05-26 02:03:00,C,23.0
2022-05-26 03:02:00,C,23.5
2022-05-26 03:03:00,C,23.0
2022-05-26 04:02:00,C,23.5
2022-05-26 04:03:00,C,23.0
2022-05-26 05:02:00,C,23.5
2022-05-26 05:03:00,C,23.0
2022-05-26 06:02:00,C,23.5
2022-05-26 06:03:00,C,23.0
2022-05-26 07:02:00,C,23.5
2022-05-26 07:03:00,C,23.0
2022-05-26 08:02:00,C,23.5
2022-05-26 08:03:00,C,23.0
2022-05-26 09:02:00,C,23.5
2022-05-26 09:03:00,C,23.0
2022-05-26 10:02:00,C,23.5
2022-05-26 10:03:00,C,23.0
2022-05-26 11:02:00,C,23.5
2022-05-26 11:03:00,C,23.0
2022-05-26 12:02:00,C,23.5
2022-05-26 12:03:00,C,23.0
2022-05-26 13:02:00,C,23.5
2022-05-26 13:03:00,C,23.0
2022-05-26 14:02:00,C,23.5
2022-05-26 14:03:00,C,23.0
2022-05-26 15:02:00,C,23.5
2022-05-26 15:03:00,C,23.0
2022-05-26 16:02:00,C,23.0
2022-05-26 16:03:00,C,23.0
2022-05-26 17:02:00,C,23.0
2022-05-26 17:03:00,C,23.0
2022-05-26 18:02:00,C,23.0
2022-05-26 18:03:00,C,23.0
2022-05-26 19:02:00,C,23.0
2022-05-26 19:03:00,C,23.0
2022-05-26 20:02:00,C,23.0
2022-05-26 20:03:00,C,23.0
2022-05-26 21:02:00,C,23.0
2022-05-26 21:03:00,C,23.0
2022-05-26 22:02:00,C,23.0
2022-05-26 22:03:00,C,23.0
2022-05-26 23:02:00,C,23.0
2022-05-26 23:03:00,C,23.0
2022-05-27 00:02:00,C,23.0
2022-05-27 00:03:00,C,23.0
2022-05-27 01:02:00,C,23.0
2022-05-27 01:03:00,C,23.0
2022-05-27 02:02:00,C,23.0
2022-05-27 02:03:00,C,22.5
2022-05-27 03:02:00,C,23.0
2022-05-27 03:03:00,C,22.5
2022-05-27 04:02:00,C,23.0
2022-05-27 04:03:00,C,22.5
2022-05-27 05:02:00,C,23.0
2022-05-27 05:03:00,C,22.5
2022-05-27 06:02:00,C,23.0
2022-05-27 06:03:00,C,22.5
2022-05-27 07:02:00,C,23.0
2022-05-27 07:03:00,C,22.5
2022-05-27 08:02:00,C,23.0
2022-05-27 08:03:00,C,22.5
2022-05-27 09:02:00,C,23.0
2022-05-27 09:03:00,C,22.5
2022-05-27 10:02:00,C,23.0
2022-05-27 10:03:00,C,22.5
2022-05-27 11:02:00,C,23.0
2022-05-27 11:03:00,C,22.5
2022-05-27 12:02:00,C,23.0
2022-05-27 12:03:00,C,23.0
2022-05-27 13:02:00,C,23.0
2022-05-27 13:03:00,C,23.0
2022-05-27 14:02:00,C,23.0
2022-05-27 14:03:00,C,23.0
2022-05-27 15:02:00,C,23.0
2022-05-27 15:03:00,C,23.0
2022-05-27 16:02:00,C,23.0
2022-05-27 16:03:00,C,23.0
2022-05-27 17:02:00,C,23.0
2022-05-27 17:03:00,C,23.0
2022-05-27 18:02:00,C,23.0
2022-05-27 18:03:00,C,23.0
2022-05-27 19:02:00,C,23.0
2022-05-27 19:03:00,C,22.5
2022-05-27 20:02:00,C,23.0
2022-05-27 20:03:00,C,22.5
2022-05-27 21:02:00,C,23.0
2022-05-27 21:03:00,C,22.5
2022-05-27 22:02:00,C,23.0
2022-05-27 22:03:00,C,22.5
2022-05-27 23:02:00,C,23.0
2022-05-27 23:03:00,C,22.5
2022-05-28 00:02:00,C,22.5
2022-05-28 00:03:00,C,22.5
2022-05-28 01:02:00,C,22.5
2022-05-28 01:03:00,C,22.5
2022-05-28 02:02:00,C,22.5
2022-05-28 02:03:00,C,22.5
2022-05-28 03:02:00,C,22.5
2022-05-28 03:03:00,C,22.5
2022-05-28 04:02:00,C,22.5
2022-05-28 04:03:00,C,22.5
2022-05-28 05:02:00,C,22.5
2022-05-28 05:03:00,C,22.5
2022-05-28 06:02:00,C,22.5
2022-05-28 06:03:00,C,22.5
2022-05-28 07:02:00,C,22.5
2022-05-28 07:03:00,C,22.5
2022-05-28 08:02:00,C,22.5
2022-05-28 08:03:00,C,22.5
2022-05-28 09:02:00,C,22.5
2022-05-28 09:03:00,C,22.5
2022-05-28 10:02:00,C,22.5
2022-05-28 10:03:00,C,22.5
2022-05-28 11:02:00,C,22.5
2022-05-28 11:03:00,C,22.5
2022-05-28 12:02:00,C,22.5
2022-05-28 12:03:00,C,22.5
2022-05-28 13:02:00,C,22.5
2022-05-28 13:03:00,C,23.0
2022-05-28 14:02:00,C,22.5
2022-05-28 14:03:00,C,23.0
2022-05-28 15:02:00,C,22.5
2022-05-28 15:03:00,C,23.0
2022-05-28 16:02:00,C,22.5
2022-05-28 16:03:00,C,23.0
2022-05-28 17:02:00,C,22.5
2022-05-28 17:03:00,C,23.0
2022-05-28 18:02:00,C,22.5
2022-05-28 18:03:00,C,22.5
2022-05-28 19:02:00,C,22.5
2022-05-28 19:03:00,C,23.0
2022-05-28 20:02:00,C,22.5
2022-05-28 20:03:00,C,22.5
2022-05-28 21:02:00,C,22.5
2022-05-28 21:03:00,C,22.5
2022-05-28 22:02:00,C,22.5
2022-05-28 22:03:00,C,22.5
2022-05-28 23:02:00,C,22.5
2022-05-28 23:03:00,C,22.5
2022-05-29 00:02:00,C,22.5
2022-05-29 00:03:00,C,22.5
2022-05-29 01:02:00,C,22.5
2022-05-29 01:03:00,C,22.5
2022-05-29 02:02:00,C,22.5
2022-05-29 02:03:00,C,22.5
2022-05-29 03:02:00,C,22.5
2022-05-29 03:03:00,C,22.5
2022-05-29 04:02:00,C,22.5
2022-05-29 04:03:00,C,22.5
2022-05-29 05:02:00,C,22.5
2022-05-29 05:03:00,C,22.5
2022-05-29 06:02:00,C,22.5
2022-05-29 06:03:00,C,22.0
2022-05-29 07:02:00,C,22.5
2022-05-29 07:03:00,C,22.5
2022-05-29 08:02:00,C,22.5
2022-05-29 08:03:00,C,22.5
2022-05-29 09:02:00,C,22.5
2022-05-29 09:03:00,C,22.5
2022-05-29 10:02:00,C,22.5
2022-05-29 10:03:00,C,22.5
2022-05-29 11:02:00,C,22.5
2022-05-29 11:03:00,C,22.5
2022-05-29 12:02:00,C,22.5
2022-05-29 12:03:00,C,22.5
2022-05-29 13:02:00,C,22.5
2022-05-29 13:03:00,C,23.0
2022-05-29 14:02:00,C,22.5
2022-05-29 14:03:00,C,23.0
2022-05-29 15:02:00,C,22.5
2022-05-29 15:03:00,C,23.0
2022-05-29 16:02:00,C,22.5
2022-05-29 16:03:00,C,23.0
2022-05-29 17:02:00,C,22.5
2022-05-29 17:03:00,C,23.0
2022-05-29 18:02:00,C,22.5
2022-05-29 18:03:00,C,22.5
2022-05-29 19:02:00,C,22.5
2022-05-29 19:03:00,C,22.5
2022-05-29 20:02:00,C,22.5
2022-05-29 20:03:00,C,22.5
2022-05-29 21:02:00,C,22.5
2022-05-29 21:03:00,C,22.5
2022-05-29 22:02:00,C,22.5
2022-05-29 22:03:00,C,22.5
2022-05-29 23:02:00,C,22.5
2022-05-29 23:03:00,C,22.5
2022-05-30 00:02:00,C,22.5
2022-05-30 00:03:00,C,22.5
2022-05-30 01:02:00,C,22.5
2022-05-30 01:03:00,C,22.5
2022-05-30 02:02:00,C,22.5
2022-05-30 02:03:00,C,22.5
2022-05-30 03:02:00,C,22.5
2022-05-30 03:03:00,C,22.5
2022-05-30 04:02:00,C,22.5
2022-05-30 04:03:00,C,22.5
2022-05-30 05:02:00,C,22.5
2022-05-30 05:03:00,C,22.5
2022-05-30 06:02:00,C,22.5
2022-05-30 06:03:00,C,22.5
2022-05-30 07:02:00,C,22.5
2022-05-30 07:03:00,C,22.5
2022-05-30 08:02:00,C,22.5
2022-05-30 08:03:00,C,22.5
2022-05-30 09:02:00,C,22.5
2022-05-30 09:03:00,C,22.5
2022-05-30 10:02:00,C,22.5
2022-05-30 10:03:00,C,22.5
2022-05-30 11:02:00,C,22.5
2022-05-30 11:03:00,C,22.5
2022-05-30 12:02:00,C,22.5
2022-05-30 12:03:00,C,23.0
2022-05-30 13:02:00,C,22.5
2022-05-30 13:03:00,C,23.0
2022-05-30 14:02:00,C,22.5
2022-05-30 14:03:00,C,23.0
2022-05-30 15:02:00,C,22.5
2022-05-30 15:03:00,C,23.0
2022-05-30 16:02:00,C,22.5
2022-05-30 16:03:00,C,23.0
2022-05-30 17:02:00,C,23.0
2022-05-30 17:03:00,C,23.0
2022-05-30 18:02:00,C,23.0
2022-05-30 18:03:00,C,23.0
2022-05-30 19:02:00,C,23.0
2022-05-30 19:03:00,C,23.0
2022-05-30 20:02:00,C,23.0
2022-05-30 20:03:00,C,23.0
2022-05-30 21:02:00,C,23.0
2022-05-30 21:03:00,C,23.0
2022-05-30 22:02:00,C,23.0
2022-05-30 22:03:00,C,23.0
2022-05-30 23:02:00,C,23.0
2022-05-30 23:03:00,C,23.0
2022-05-31 00:02:00,C,23.0
2022-05-31 00:03:00,C,23.0
2022-05-31 01:02:00,C,23.0
2022-05-31 01:03:00,C,22.5
2022-05-31 02:02:00,C,23.0
2022-05-31 02:03:00,C,22.5
2022-05-31 03:02:00,C,23.0
2022-05-31 03:03:00,C,22.5
2022-05-31 04:02:00,C,23.0
2022-05-31 04:03:00,C,22.5
2022-05-31 05:02:00,C,22.5
2022-05-31 05:03:00,C,22.5
2022-05-31 06:02:00,C,23.0
2022-05-31 06:03:00,C,22.5
2022-05-31 07:02:00,C,22.5
2022-05-31 07:03:00,C,22.5
2022-05-31 08:02:00,C,22.5
2022-05-31 08:03:00,C,22.5
2022-05-31 09:02:00,C,22.5
2022-05-31 09:03:00,C,22.5
2022-05-31 10:02:00,C,23.0
2022-05-31 10:03:00,C,23.0
2022-05-31 11:02:00,C,23.0
2022-05-31 11:03:00,C,23.0
2022-05-31 12:02:00,C,23.5
2022-05-31 12:03:00,C,23.0
2022-05-31 13:02:00,C,23.5
2022-05-31 13:03:00,C,23.0
2022-05-31 14:02:00,C,23.5
2022-05-31 14:03:00,C,23.0
2022-05-31 15:02:00,C,23.5
2022-05-31 15:03:00,C,23.5
2022-05-31 16:02:00,C,24.0
2022-05-31 16:03:00,C,23.5
2022-05-31 17:02:00,C,24.0
2022-05-31 17:03:00,C,23.5
2022-05-31 18:02:00,C,24.0
2022-05-31 18:03:00,C,23.5
2022-05-31 19:02:00,C,24.0
2022-05-31 19:03:00,C,23.5
2022-05-31 20:02:00,C,23.5
2022-05-31 20:03:00,C,23.5
2022-05-31 21:02:00,C,23.5
2022-05-31 21:03:00,C,23.5
2022-05-31 22:02:00,C,23.5
2022-05-31 22:03:00,C,23.0
2022-05-31 23:02:00,C,23.0
2022-05-31 23:03:00,C,23.0
2022-06-01 00:02:00,C,23.0
2022-06-01 00:03:00,C,23.0
2022-06-01 01:02:00,C,23.0
2022-06-01 01:03:00,C,23.0
2022-06-01 02:02:00,C,23.0
2022-06-01 02:03:00,C,23.0
2022-06-01 03:02:00,C,23.0
2022-06-01 03:03:00,C,23.0
2022-06-01 04:02:00,C,23.0
2022-06-01 04:03:00,C,23.0
2022-06-01 05:02:00,C,23.0
2022-06-01 05:03:00,C,23.0
2022-06-01 06:02:00,C,23.0
2022-06-01 06:03:00,C,22.5
2022-06-01 07:02:00,C,23.0
2022-06-01 07:03:00,C,23.0
2022-06-01 08:02:00,C,23.0
2022-06-01 08:03:00,C,23.0
2022-06-01 09:02:00,C,23.0
2022-06-01 09:03:00,C,23.0
2022-06-01 10:02:00,C,23.0
2022-06-01 10:03:00,C,23.0
2022-06-01 11:02:00,C,23.5
2022-06-01 11:03:00,C,23.5
2022-06-01 12:02:00,C,23.5
2022-06-01 12:03:00,C,23.5
2022-06-01 13:02:00,C,23.5
2022-06-01 13:03:00,C,23.0
2022-06-01 14:02:00,C,23.5
2022-06-01 14:03:00,C,23.5
2022-06-01 15:02:00,C,23.5
2022-06-01 15:03:00,C,23.0
2022-06-01 16:02:00,C,23.5
2022-06-01 16:03:00,C,23.5
2022-06-01 17:02:00,C,23.5
2022-06-01 17:03:00,C,23.5
2022-06-01 18:02:00,C,33.5
2022-06-01 18:03:00,C,35.0
2022-06-01 19:02:00,C,35.5
2022-06-01 19:03:00,C,34.5
2022-06-01 20:02:00,C,30.5
2022-06-01 20:03:00,C,29.5
2022-06-01 21:02:00,C,31.0
2022-06-01 21:03:00,C,31.0
2022-06-01 22:02:00,C,31.0
2022-06-01 22:03:00,C,31.5
2022-06-01 23:02:00,C,30.5
2022-06-01 23:03:00,C,31.0
2022-06-02 00:02:00,C,30.0
2022-06-02 00:03:00,C,30.0
2022-06-02 01:02:00,C,29.5
2022-06-02 01:03:00,C,29.5
2022-06-02 02:02:00,C,28.5
2022-06-02 02:03:00,C,29.0
2022-06-02 03:02:00,C,28.0
2022-06-02 03:03:00,C,28.0
2022-06-02 04:02:00,C,27.5
2022-06-02 04:03:00,C,27.5
2022-06-02 05:02:00,C,26.5
2022-06-02 05:03:00,C,26.5
2022-06-02 06:02:00,C,26.0
2022-06-02 06:03:00,C,26.0
2022-06-02 07:02:00,C,25.5
2022-06-02 07:03:00,C,25.5
2022-06-02 08:02:00,C,25.0
2022-06-02 08:03:00,C,25.0
2022-06-02 09:02:00,C,24.5
2022-06-02 09:03:00,C,24.5
2022-06-02 10:02:00,C,24.0
2022-06-02 10:03:00,C,24.5
2022-06-02 11:02:00,C,24.0
2022-06-02 11:03:00,C,24.5
2022-06-02 12:02:00,C,25.5
2022-06-02 12:03:00,C,25.0
2022-06-02 13:02:00,C,34.5
2022-06-02 13:03:00,C,36.5
2022-06-02 14:02:00,C,41.5
2022-06-02 14:03:00,C,41.5
2022-06-02 15:02:00,C,42.5
2022-06-02 15:03:00,C,42.0
2022-06-02 16:02:00,C,43.5
2022-06-02 16:03:00,C,41.0
2022-06-02 17:02:00,C,37.5
2022-06-02 17:03:00,C,36.0
2022-06-02 18:02:00,C,35.5
2022-06-02 18:03:00,C,35.0
2022-06-02 19:02:00,C,34.0
2022-06-02 19:03:00,C,33.5
2022-06-02 20:02:00,C,32.5
2022-06-02 20:03:00,C,32.0
2022-06-02 21:02:00,C,29.5
2022-06-02 21:03:00,C,27.5
2022-06-02 22:02:00,C,28.5
2022-06-02 22:03:00,C,28.0
2022-06-02 23:02:00,C,28.0
2022-06-02 23:03:00,C,27.5
2022-06-03 00:02:00,C,27.5
2022-06-03 00:03:00,C,27.0
2022-06-03 01:02:00,C,26.5
2022-06-03 01:03:00,C,26.5
2022-06-03 02:02:00,C,26.0
2022-06-03 02:03:00,C,26.0
2022-06-03 03:02:00,C,25.5
2022-06-03 03:03:00,C,25.0
2022-06-03 04:02:00,C,25.0
2022-06-03 04:03:00,C,25.0
2022-06-03 05:02:00,C,24.5
2022-06-03 05:03:00,C,24.5
2022-06-03 06:02:00,C,24.0
2022-06-03 06:03:00,C,24.0
2022-06-03 07:02:00,C,23.5
2022-06-03 07:03:00,C,23.5
2022-06-03 08:02:00,C,23.0
2022-06-03 08:03:00,C,23.0
2022-06-03 09:02:00,C,23.0
2022-06-03 09:03:00,C,22.5
2022-06-03 10:02:00,C,23.0
2022-06-03 10:03:00,C,24.0
2022-06-03 11:02:00,C,24.0
2022-06-03 11:03:00,C,24.0
2022-06-03 12:02:00,C,24.0
2022-06-03 12:03:00,C,24.5
2022-06-03 13:02:00,C,23.0
2022-06-03 13:03:00,C,23.0
2022-06-03 14:02:00,C,23.0
2022-06-03 14:03:00,C,22.5
2022-06-03 15:02:00,C,23.0
2022-06-03 15:03:00,C,22.5
2022-06-03 16:02:00,C,22.5
2022-06-03 16:03:00,C,22.0
2022-06-03 17:02:00,C,22.5
2022-06-03 17:03:00,C,22.0
2022-06-03 18:02:00,C,22.0
2022-06-03 18:03:00,C,21.5
2022-06-03 19:02:00,C,22.0
2022-06-03 19:03:00,C,21.5
2022-06-03 20:02:00,C,21.5
2022-06-03 20:03:00,C,21.0
2022-06-03 21:02:00,C,21.5
2022-06-03 21:03:00,C,21.0
2022-06-03 22:02:00,C,21.5
2022-06-03 22:03:00,C,21.0
2022-06-03 23:02:00,C,21.5
2022-06-03 23:03:00,C,21.5
2022-06-04 00:02:00,C,21.5
2022-06-04 00:03:00,C,21.5
2022-06-04 01:02:00,C,21.5
2022-06-04 01:03:00,C,21.5
2022-06-04 02:02:00,C,22.0
2022-06-04 02:03:00,C,21.5
2022-06-04 03:02:00,C,22.0
2022-06-04 03:03:00,C,21.5
2022-06-04 04:02:00,C,22.0
2022-06-04 04:03:00,C,22.0
2022-06-04 05:02:00,C,22.0
2022-06-04 05:03:00,C,22.0
2022-06-04 06:02:00,C,22.0
2022-06-04 06:03:00,C,22.0
2022-06-04 07:02:00,C,22.0
2022-06-04 07:03:00,C,22.0
2022-06-04 08:02:00,C,22.0
2022-06-04 08:03:00,C,22.0
2022-06-04 09:02:00,C,22.0
2022-06-04 09:03:00,C,22.0
2022-06-04 10:02:00,C,22.0
2022-06-04 10:03:00,C,22.0
2022-06-04 11:02:00,C,22.0
2022-06-04 11:03:00,C,21.5
2022-06-04 12:02:00,C,22.0
2022-06-04 12:03:00,C,21.5
2022-06-04 13:02:00,C,22.0
2022-06-04 13:03:00,C,21.5
2022-06-04 14:02:00,C,21.5
2022-06-04 14:03:00,C,21.0
2022-06-04 15:02:00,C,21.5
2022-06-04 15:03:00,C,21.0
2022-06-04 16:02:00,C,21.5
2022-06-04 16:03:00,C,21.0
2022-06-04 17:02:00,C,21.0
2022-06-04 17:03:00,C,20.5
2022-06-04 18:02:00,C,21.0
2022-06-04 18:03:00,C,20.5
2022-06-04 19:02:00,C,20.5
2022-06-04 19:03:00,C,20.0
2022-06-04 20:02:00,C,20.5
2022-06-04 20:03:00,C,20.0
2022-06-04 21:02:00,C,20.5
2022-06-04 21:03:00,C,20.0
2022-06-04 22:02:00,C,20.5
2022-06-04 22:03:00,C,20.0
2022-06-04 23:02:00,C,20.5
2022-06-04 23:03:00,C,20.5
2022-06-05 00:02:00,C,21.0
2022-06-05 00:03:00,C,20.5
2022-06-05 01:02:00,C,21.0
2022-06-05 01:03:00,C,21.0
2022-06-05 02:02:00,C,21.0
2022-06-05 02:03:00,C,21.0
2022-06-05 03:02:00,C,21.0
2022-06-05 03:03:00,C,21.0
2022-06-05 04:02:00,C,21.0
2022-06-05 04:03:00,C,21.0
2022-06-05 05:02:00,C,21.0
2022-06-05 05:03:00,C,21.0
2022-06-05 06:02:00,C,21.5
2022-06-05 06:03:00,C,21.0
2022-06-05 07:02:00,C,21.5
2022-06-05 07:03:00,C,21.0
2022-06-05 08:02:00,C,21.5
2022-06-05 08:03:00,C,21.5
2022-06-05 09:02:00,C,21.5
2022-06-05 09:03:00,C,21.5
2022-06-05 10:02:00,C,21.5
2022-06-05 10:03:00,C,21.5
2022-06-05 11:02:00,C,21.5
2022-06-05 11:03:00,C,21.5
2022-06-05 12:02:00,C,21.5
2022-06-05 12:03:00,C,21.5
2022-06-05 13:02:00,C,21.5
2022-06-05 13:03:00,C,21.5
2022-06-05 14:02:00,C,21.5
2022-06-05 14:03:00,C,21.5
2022-06-05 15:02:00,C,21.5
2022-06-05 15:03:00,C,21.0
2022-06-05 16:02:00,C,21.5
2022-06-05 16:03:00,C,21.0
2022-06-05 17:02:00,C,21.0
2022-06-05 17:03:00,C,20.5
2022-06-05 18:02:00,C,20.5
2022-06-05 18:03:00,C,20.5
2022-06-05 19:02:00,C,21.5
2022-06-05 19:03:00,C,21.5
2022-06-05 20:02:00,C,21.5
2022-06-05 20:03:00,C,22.0
2022-06-05 21:02:00,C,22.0
2022-06-05 21:03:00,C,22.0
2022-06-05 22:02:00,C,22.0
2022-06-05 22:03:00,C,22.0
2022-06-05 23:02:00,C,22.0
2022-06-05 23:03:00,C,22.0
2022-06-06 00:02:00,C,22.0
2022-06-06 00:03:00,C,22.0
2022-06-06 01:02:00,C,22.0
2022-06-06 01:03:00,C,22.0
2022-06-06 02:02:00,C,22.0
2022-06-06 02:03:00,C,22.0
2022-06-06 03:02:00,C,22.0
2022-06-06 03:03:00,C,22.0
2022-06-06 04:02:00,C,22.0
2022-06-06 04:03:00,C,22.0
2022-06-06 05:02:00,C,21.5
2022-06-06 05:03:00,C,21.5
2022-06-06 06:02:00,C,21.5
2022-06-06 06:03:00,C,21.5
2022-06-06 07:02:00,C,20.5
2022-06-06 07:03:00,C,19.5
2022-06-06 08:02:00,C,19.5
2022-06-06 08:03:00,C,19.0
2022-06-06 09:02:00,C,19.0
2022-06-06 09:03:00,C,18.0
2022-06-06 10:02:00,C,17.0
2022-06-06 10:03:00,C,17.0
2022-06-06 11:02:00,C,19.5
2022-06-06 11:03:00,C,16.5
2022-06-06 12:02:00,C,19.0
2022-06-06 12:03:00,C,16.5
2022-06-06 13:02:00,C,17.0
2022-06-06 13:03:00,C,16.5
2022-06-06 14:02:00,C,16.5
2022-06-06 14:03:00,C,16.0
2022-06-06 15:02:00,C,16.5
2022-06-06 15:03:00,C,16.0
2022-06-06 16:02:00,C,16.0
2022-06-06 16:03:00,C,16.0
2022-06-06 17:02:00,C,16.0
2022-06-06 17:03:00,C,16.0
2022-06-06 18:02:00,C,16.0
2022-06-06 18:03:00,C,16.0
2022-06-06 19:02:00,C,16.0
2022-06-06 19:03:00,C,16.0
2022-06-06 20:02:00,C,16.0
2022-06-06 20:03:00,C,16.0
2022-06-06 21:02:00,C,16.0
2022-06-06 21:03:00,C,16.0
2022-06-06 22:02:00,C,16.0
2022-06-06 22:03:00,C,16.0
2022-06-06 23:02:00,C,16.0
2022-06-06 23:03:00,C,16.0
2022-06-07 00:02:00,C,16.0
2022-06-07 00:03:00,C,16.0
2022-06-07 01:02:00,C,16.0
2022-06-07 01:03:00,C,16.0
2022-06-07 02:02:00,C,16.0
2022-06-07 02:03:00,C,16.0
2022-06-07 03:02:00,C,16.0
2022-06-07 03:03:00,C,16.0
2022-06-07 04:02:00,C,16.0
2022-06-07 04:03:00,C,15.5
2022-06-07 05:02:00,C,15.5
2022-06-07 05:03:00,C,15.5
2022-06-07 06:02:00,C,15.5
2022-06-07 06:03:00,C,15.5
2022-06-07 07:02:00,C,15.5
2022-06-07 07:03:00,C,15.5
2022-06-07 08:02:00,C,15.5
2022-06-07 08:03:00,C,15.5
2022-06-07 09:02:00,C,15.5
2022-06-07 09:03:00,C,15.5
2022-06-07 10:02:00,C,15.5
2022-06-07 10:03:00,C,15.5
2022-06-07 11:02:00,C,16.0
2022-06-07 11:03:00,C,16.0
2022-06-07 12:02:00,C,16.0
2022-06-07 12:03:00,C,16.0
2022-06-07 13:02:00,C,16.0
2022-06-07 13:03:00,C,16.0
2022-06-07 14:02:00,C,16.0
2022-06-07 14:03:00,C,16.0
2022-06-07 15:02:00,C,16.0
2022-06-07 15:03:00,C,16.0
2022-06-07 16:02:00,C,16.0
2022-06-07 16:03:00,C,16.0
2022-06-07 17:02:00,C,16.0
2022-06-07 17:03:00,C,16.0
2022-06-07 18:02:00,C,16.0
2022-06-07 18:03:00,C,16.0
2022-06-07 19:02:00,C,16.0
2022-06-07 19:03:00,C,16.0
2022-06-07 20:02:00,C,16.0
2022-06-07 20:03:00,C,15.5
2022-06-07 21:02:00,C,15.5
2022-06-07 21:03:00,C,15.5
2022-06-07 22:02:00,C,15.5
2022-06-07 22:03:00,C,15.5
2022-06-07 23:02:00,C,15.5
2022-06-07 23:03:00,C,15.5
2022-06-08 00:02:00,C,15.5
2022-06-08 00:03:00,C,15.5
2022-06-08 01:02:00,C,16.5
2022-06-08 01:03:00,C,16.5
2022-06-08 02:02:00,C,16.5
2022-06-08 02:03:00,C,16.5
2022-06-08 03:02:00,C,17.0
2022-06-08 03:03:00,C,17.0
2022-06-08 04:02:00,C,17.0
2022-06-08 04:03:00,C,17.0
2022-06-08 05:02:00,C,17.0
2022-06-08 05:03:00,C,17.0
2022-06-08 06:02:00,C,17.0
2022-06-08 06:03:00,C,17.0
2022-06-08 07:02:00,C,17.0
2022-06-08 07:03:00,C,17.0
2022-06-08 08:02:00,C,17.0
2022-06-08 08:03:00,C,17.0
2022-06-08 09:02:00,C,17.0
2022-06-08 09:03:00,C,17.0
2022-06-08 10:02:00,C,17.5
2022-06-08 10:03:00,C,17.5
2022-06-08 11:02:00,C,17.5
2022-06-08 11:03:00,C,17.5
2022-06-08 12:02:00,C,18.0
2022-06-08 12:03:00,C,18.0
2022-06-08 13:02:00,C,18.0
2022-06-08 13:03:00,C,18.0
2022-06-08 14:02:00,C,18.0
2022-06-08 14:03:00,C,18.0
2022-06-08 15:02:00,C,18.0
2022-06-08 15:03:00,C,18.0
2022-06-08 16:02:00,C,18.5
2022-06-08 16:03:00,C,18.5
2022-06-08 17:02:00,C,27.5
2022-06-08 17:03:00,C,18.0
2022-06-08 18:02:00,C,26.0
2022-06-08 18:03:00,C,18.0
2022-06-08 19:02:00,C,25.5
2022-06-08 19:03:00,C,18.0
2022-06-08 20:02:00,C,22.0
2022-06-08 20:03:00,C,18.5
2022-06-08 21:02:00,C,20.5
2022-06-08 21:03:00,C,18.5
2022-06-08 22:02:00,C,20.0
2022-06-08 22:03:00,C,18.5
2022-06-08 23:02:00,C,20.0
2022-06-08 23:03:00,C,18.5
2022-06-09 00:02:00,C,20.0
2022-06-09 00:03:00,C,18.5
2022-06-09 01:02:00,C,20.5
2022-06-09 01:03:00,C,18.5
2022-06-09 02:02:00,C,20.0
2022-06-09 02:03:00,C,18.5
2022-06-09 03:02:00,C,20.0
2022-06-09 03:03:00,C,18.5
2022-06-09 04:02:00,C,20.0
2022-06-09 04:03:00,C,18.5
2022-06-09 05:02:00,C,20.0
2022-06-09 05:03:00,C,18.5
2022-06-09 06:02:00,C,19.5
2022-06-09 06:03:00,C,18.5
2022-06-09 07:02:00,C,19.5
2022-06-09 07:03:00,C,18.5
2022-06-09 08:02:00,C,20.0
2022-06-09 08:03:00,C,18.5
2022-06-09 09:02:00,C,21.0
2022-06-09 09:03:00,C,18.5
2022-06-09 10:02:00,C,22.5
2022-06-09 10:03:00,C,18.5
2022-06-09 11:02:00,C,23.0
2022-06-09 11:03:00,C,18.5
2022-06-09 12:02:00,C,23.5
2022-06-09 12:03:00,C,18.5
2022-06-09 13:02:00,C,23.5
2022-06-09 13:03:00,C,18.5
2022-06-09 14:02:00,C,24.0
2022-06-09 14:03:00,C,18.5
2022-06-09 15:02:00,C,22.5
2022-06-09 15:03:00,C,18.5
2022-06-09 16:02:00,C,23.0
2022-06-09 16:03:00,C,18.5
2022-06-09 17:02:00,C,23.0
2022-06-09 17:03:00,C,18.5
2022-06-09 18:02:00,C,22.0
2022-06-09 18:03:00,C,18.5
2022-06-09 19:02:00,C,22.0
2022-06-09 19:03:00,C,18.5
2022-06-09 20:02:00,C,21.0
2022-06-09 20:03:00,C,18.5
2022-06-09 21:02:00,C,19.5
2022-06-09 21:03:00,C,18.5
2022-06-09 22:02:00,C,18.5
2022-06-09 22:03:00,C,18.5
2022-06-09 23:02:00,C,18.0
2022-06-09 23:03:00,C,18.5
2022-06-10 00:02:00,C,17.0
2022-06-10 00:03:00,C,18.5
2022-06-10 01:02:00,C,16.5
2022-06-10 01:03:00,C,18.5
2022-06-10 02:02:00,C,15.5
2022-06-10 02:03:00,C,18.5
2022-06-10 03:02:00,C,15.5
2022-06-10 03:03:00,C,18.5
2022-06-10 04:02:00,C,15.5
2022-06-10 04:03:00,C,18.5
2022-06-10 05:02:00,C,15.5
2022-06-10 05:03:00,C,18.5
2022-06-10 06:02:00,C,15.5
2022-06-10 06:03:00,C,18.5
2022-06-10 07:02:00,C,16.0
2022-06-10 07:03:00,C,18.0
2022-06-10 08:02:00,C,17.5
2022-06-10 08:03:00,C,18.5
2022-06-10 09:02:00,C,18.5
2022-06-10 09:03:00,C,18.5
2022-06-10 10:02:00,C,20.5
2022-06-10 10:03:00,C,18.5
2022-06-10 11:02:00,C,21.0
2022-06-10 11:03:00,C,18.5
2022-06-10 12:02:00,C,22.0
2022-06-10 12:03:00,C,18.5
2022-06-10 13:02:00,C,23.0
2022-06-10 13:03:00,C,18.5
2022-06-10 14:02:00,C,23.5
2022-06-10 14:03:00,C,18.5
2022-06-10 15:02:00,C,24.0
2022-06-10 15:03:00,C,18.5
2022-06-10 16:02:00,C,24.0
2022-06-10 16:03:00,C,18.5
2022-06-10 17:02:00,C,24.0
2022-06-10 17:03:00,C,18.5
2022-06-10 18:02:00,C,24.0
2022-06-10 18:03:00,C,18.5
2022-06-10 19:02:00,C,23.0
2022-06-10 19:03:00,C,18.5
2022-06-10 20:02:00,C,22.0
2022-06-10 20:03:00,C,18.5
2022-06-10 21:02:00,C,21.0
2022-06-10 21:03:00,C,18.5
2022-06-10 22:02:00,C,20.0
2022-06-10 22:03:00,C,18.5
2022-06-10 23:02:00,C,20.0
2022-06-10 23:03:00,C,18.5
2022-06-11 00:02:00,C,19.5
2022-06-11 00:03:00,C,18.5
2022-06-11 01:02:00,C,19.0
2022-06-11 01:03:00,C,18.5
2022-06-11 02:02:00,C,18.5
2022-06-11 02:03:00,C,18.5
2022-06-11 03:02:00,C,18.0
2022-06-11 03:03:00,C,18.5
2022-06-11 04:02:00,C,18.0
2022-06-11 04:03:00,C,18.5
2022-06-11 05:02:00,C,17.5
2022-06-11 05:03:00,C,18.5
2022-06-11 06:02:00,C,18.0
2022-06-11 06:03:00,C,18.5
2022-06-11 07:02:00,C,18.0
2022-06-11 07:03:00,C,18.5
2022-06-11 08:02:00,C,18.0
2022-06-11 08:03:00,C,18.5
2022-06-11 09:02:00,C,18.0
2022-06-11 09:03:00,C,18.5
2022-06-11 10:02:00,C,17.0
2022-06-11 10:03:00,C,18.5
2022-06-11 11:02:00,C,17.0
2022-06-11 11:03:00,C,18.5
2022-06-11 12:02:00,C,17.0
2022-06-11 12:03:00,C,18.5
2022-06-11 13:02:00,C,17.5
2022-06-11 13:03:00,C,18.5
2022-06-11 14:02:00,C,17.5
2022-06-11 14:03:00,C,18.5
2022-06-11 15:02:00,C,18.0
2022-06-11 15:03:00,C,18.5
2022-06-11 16:02:00,C,19.0
2022-06-11 16:03:00,C,18.5
2022-06-11 17:02:00,C,19.5
2022-06-11 17:03:00,C,18.5
2022-06-11 18:02:00,C,19.5
2022-06-11 18:03:00,C,18.5
2022-06-11 19:02:00,C,19.5
2022-06-11 19:03:00,C,18.5
2022-06-11 20:02:00,C,19.0
2022-06-11 20:03:00,C,18.5
2022-06-11 21:02:00,C,18.0
2022-06-11 21:03:00,C,18.5
2022-06-11 22:02:00,C,17.5
2022-06-11 22:03:00,C,18.5
2022-06-11 23:02:00,C,17.0
2022-06-11 23:03:00,C,18.5
2022-06-12 00:02:00,C,17.0
2022-06-12 00:03:00,C,18.5
2022-06-12 01:02:00,C,16.5
2022-06-12 01:03:00,C,18.5
2022-06-12 02:02:00,C,16.5
2022-06-12 02:03:00,C,18.5
2022-06-12 03:02:00,C,16.0
2022-06-12 03:03:00,C,18.0
2022-06-12 04:02:00,C,16.0
2022-06-12 04:03:00,C,18.0
2022-06-12 05:02:00,C,15.5
2022-06-12 05:03:00,C,18.0
2022-06-12 06:02:00,C,15.5
2022-06-12 06:03:00,C,18.0
2022-06-12 07:02:00,C,16.0
2022-06-12 07:03:00,C,18.0
2022-06-12 08:02:00,C,16.5
2022-06-12 08:03:00,C,18.0
2022-06-12 09:02:00,C,17.5
2022-06-12 09:03:00,C,18.0
2022-06-12 10:02:00,C,18.5
2022-06-12 10:03:00,C,18.5
2022-06-12 11:02:00,C,19.0
2022-06-12 11:03:00,C,18.5
2022-06-12 12:02:00,C,19.5
2022-06-12 12:03:00,C,18.5
2022-06-12 13:02:00,C,20.5
2022-06-12 13:03:00,C,18.5
2022-06-12 14:02:00,C,21.0
2022-06-12 14:03:00,C,18.5
2022-06-12 15:02:00,C,22.5
2022-06-12 15:03:00,C,18.5
2022-06-12 16:02:00,C,23.0
2022-06-12 16:03:00,C,18.5
2022-06-12 17:02:00,C,23.0
2022-06-12 17:03:00,C,18.5
2022-06-12 18:02:00,C,23.5
2022-06-12 18:03:00,C,18.5
2022-06-12 19:02:00,C,23.0
2022-06-12 19:03:00,C,18.5
2022-06-12 20:02:00,C,22.5
2022-06-12 20:03:00,C,18.5
2022-06-12 21:02:00,C,22.0
2022-06-12 21:03:00,C,18.5
2022-06-12 22:02:00,C,21.5
2022-06-12 22:03:00,C,18.5
2022-06-12 23:02:00,C,21.5
2022-06-12 23:03:00,C,18.5
2022-06-13 00:02:00,C,21.5
2022-06-13 00:03:00,C,18.5
2022-06-13 01:02:00,C,21.0
2022-06-13 01:03:00,C,19.0
2022-06-13 02:02:00,C,21.0
2022-06-13 02:03:00,C,18.5
2022-06-13 03:02:00,C,21.0
2022-06-13 03:03:00,C,19.0
2022-06-13 04:02:00,C,21.5
2022-06-13 04:03:00,C,19.0
2022-06-13 05:02:00,C,21.0
2022-06-13 05:03:00,C,19.0
2022-06-13 06:02:00,C,21.0
2022-06-13 06:03:00,C,19.0
2022-06-13 07:02:00,C,21.5
2022-06-13 07:03:00,C,19.0
2022-06-13 08:02:00,C,22.5
2022-06-13 08:03:00,C,19.0
2022-06-13 09:02:00,C,23.0
2022-06-13 09:03:00,C,19.0
2022-06-13 10:02:00,C,24.5
2022-06-13 10:03:00,C,19.0
2022-06-13 11:02:00,C,26.5
2022-06-13 11:03:00,C,19.0
2022-06-13 12:02:00,C,27.0
2022-06-13 12:03:00,C,19.0
2022-06-13 13:02:00,C,28.0
2022-06-13 13:03:00,C,19.0
2022-06-13 14:02:00,C,28.5
2022-06-13 14:03:00,C,19.0
2022-06-13 15:02:00,C,29.0
2022-06-13 15:03:00,C,19.5
2022-06-13 16:02:00,C,29.0
2022-06-13 16:03:00,C,19.5
2022-06-13 17:02:00,C,29.0
2022-06-13 17:03:00,C,19.5
2022-06-13 18:02:00,C,29.0
2022-06-13 18:03:00,C,19.5
2022-06-13 19:02:00,C,28.5
2022-06-13 19:03:00,C,19.5
2022-06-13 20:02:00,C,27.5
2022-06-13 20:03:00,C,19.5
2022-06-13 21:02:00,C,26.5
2022-06-13 21:03:00,C,19.5
2022-06-13 22:02:00,C,26.0
2022-06-13 22:03:00,C,19.5
2022-06-13 23:02:00,C,25.5
2022-06-13 23:03:00,C,19.5
2022-06-14 00:02:00,C,24.5
2022-06-14 00:03:00,C,19.5
2022-06-14 01:02:00,C,24.0
2022-06-14 01:03:00,C,19.5
2022-06-14 02:02:00,C,23.5
2022-06-14 02:03:00,C,19.5
2022-06-14 03:02:00,C,23.0
2022-06-14 03:03:00,C,19.5
2022-06-14 04:02:00,C,22.5
2022-06-14 04:03:00,C,19.5
2022-06-14 05:02:00,C,22.5
2022-06-14 05:03:00,C,19.5
2022-06-14 06:02:00,C,22.5
2022-06-14 06:03:00,C,19.5
2022-06-14 07:02:00,C,20.5
2022-06-14 07:03:00,C,19.5
2022-06-14 08:02:00,C,20.5
2022-06-14 08:03:00,C,19.5
2022-06-14 09:02:00,C,20.5
2022-06-14 09:03:00,C,19.5
2022-06-14 10:02:00,C,21.0
2022-06-14 10:03:00,C,19.5
2022-06-14 11:02:00,C,20.5
2022-06-14 11:03:00,C,19.5
2022-06-14 12:02:00,C,19.5
2022-06-14 12:03:00,C,20.0
2022-06-14 13:02:00,C,20.0
2022-06-14 13:03:00,C,20.0
2022-06-14 14:02:00,C,20.5
2022-06-14 14:03:00,C,20.0
2022-06-14 15:02:00,C,22.0
2022-06-14 15:03:00,C,20.0
2022-06-14 16:02:00,C,23.5
2022-06-14 16:03:00,C,20.0
2022-06-14 17:02:00,C,23.5
2022-06-14 17:03:00,C,20.0
2022-06-14 18:02:00,C,24.0
2022-06-14 18:03:00,C,20.0
2022-06-14 19:02:00,C,24.0
2022-06-14 19:03:00,C,20.0
2022-06-14 20:02:00,C,23.5
2022-06-14 20:03:00,C,20.0
2022-06-14 21:02:00,C,22.0
2022-06-14 21:03:00,C,20.0
2022-06-14 22:02:00,C,21.5
2022-06-14 22:03:00,C,20.0
2022-06-14 23:02:00,C,21.5
2022-06-14 23:03:00,C,20.5
2022-06-15 00:02:00,C,21.0
2022-06-15 00:03:00,C,20.5
2022-06-15 01:02:00,C,20.0
2022-06-15 01:03:00,C,20.5
2022-06-15 02:02:00,C,19.5
2022-06-15 02:03:00,C,20.5
2022-06-15 03:02:00,C,19.5
2022-06-15 03:03:00,C,20.5
2022-06-15 04:02:00,C,19.0
2022-06-15 04:03:00,C,20.5
2022-06-15 05:02:00,C,19.0
2022-06-15 05:03:00,C,20.5
2022-06-15 06:02:00,C,18.5
2022-06-15 06:03:00,C,20.5
2022-06-15 07:02:00,C,19.5
2022-06-15 07:03:00,C,20.5
2022-06-15 08:02:00,C,20.5
2022-06-15 08:03:00,C,20.5
2022-06-15 09:02:00,C,21.5
2022-06-15 09:03:00,C,20.5
2022-06-15 10:02:00,C,24.0
2022-06-15 10:03:00,C,20.5
2022-06-15 11:02:00,C,25.5
2022-06-15 11:03:00,C,20.5
2022-06-15 12:02:00,C,27.0
2022-06-15 12:03:00,C,20.5
2022-06-15 13:02:00,C,28.0
2022-06-15 13:03:00,C,20.5
2022-06-15 14:02:00,C,28.0
2022-06-15 14:03:00,C,20.5
2022-06-15 15:02:00,C,28.5
2022-06-15 15:03:00,C,20.5
2022-06-15 16:02:00,C,28.0
2022-06-15 16:03:00,C,20.5
2022-06-15 17:02:00,C,28.0
2022-06-15 17:03:00,C,20.0
2022-06-15 18:02:00,C,27.5
2022-06-15 18:03:00,C,20.5
2022-06-15 19:02:00,C,27.0
2022-06-15 19:03:00,C,20.5
2022-06-15 20:02:00,C,26.5
2022-06-15 20:03:00,C,20.5
2022-06-15 21:02:00,C,25.5
2022-06-15 21:03:00,C,20.5
2022-06-15 22:02:00,C,24.5
2022-06-15 22:03:00,C,20.5
2022-06-15 23:02:00,C,23.5
2022-06-15 23:03:00,C,20.5
2022-06-16 00:02:00,C,23.0
2022-06-16 00:03:00,C,20.5
2022-06-16 01:02:00,C,22.0
2022-06-16 01:03:00,C,20.5
2022-06-16 02:02:00,C,22.0
2022-06-16 02:03:00,C,20.5
2022-06-16 03:02:00,C,21.5
2022-06-16 03:03:00,C,21.0
2022-06-16 04:02:00,C,21.5
2022-06-16 04:03:00,C,21.0
2022-06-16 05:02:00,C,21.0
2022-06-16 05:03:00,C,21.0
2022-06-16 06:02:00,C,20.0
2022-06-16 06:03:00,C,21.0
2022-06-16 07:02:00,C,20.0
2022-06-16 07:03:00,C,21.0
2022-06-16 08:02:00,C,20.0
2022-06-16 08:03:00,C,21.0
2022-06-16 09:02:00,C,20.5
2022-06-16 09:03:00,C,21.0
2022-06-16 10:02:00,C,20.5
2022-06-16 10:03:00,C,21.0
2022-06-16 11:02:00,C,21.0
2022-06-16 11:03:00,C,21.0
2022-06-16 12:02:00,C,21.0
2022-06-16 12:03:00,C,21.0
2022-06-16 13:02:00,C,22.5
2022-06-16 13:03:00,C,21.0
2022-06-16 14:02:00,C,24.5
2022-06-16 14:03:00,C,21.0
2022-06-16 15:02:00,C,25.5
2022-06-16 15:03:00,C,21.0
2022-06-16 16:02:00,C,25.0
2022-06-16 16:03:00,C,21.0
2022-06-16 17:02:00,C,25.0
2022-06-16 17:03:00,C,20.5
2022-06-16 18:02:00,C,25.0
2022-06-16 18:03:00,C,20.5
2022-06-16 19:02:00,C,25.0
2022-06-16 19:03:00,C,21.0
2022-06-16 20:02:00,C,24.0
2022-06-16 20:03:00,C,21.0
2022-06-16 21:02:00,C,23.5
2022-06-16 21:03:00,C,21.0
2022-06-16 22:02:00,C,23.0
2022-06-16 22:03:00,C,21.0
2022-06-16 23:02:00,C,22.5
2022-06-16 23:03:00,C,21.0
2022-06-17 00:02:00,C,22.5
2022-06-17 00:03:00,C,21.0
2022-06-17 01:02:00,C,23.0
2022-06-17 01:03:00,C,21.0
2022-06-17 02:02:00,C,23.0
2022-06-17 02:03:00,C,21.0
2022-06-17 03:02:00,C,23.0
2022-06-17 03:03:00,C,21.0
2022-06-17 04:02:00,C,22.5
2022-06-17 04:03:00,C,21.0
2022-06-17 05:02:00,C,22.5
2022-06-17 05:03:00,C,21.0
2022-06-17 06:02:00,C,22.5
2022-06-17 06:03:00,C,21.0
2022-06-17 07:02:00,C,23.5
2022-06-17 07:03:00,C,21.0
2022-06-17 08:02:00,C,25.0
2022-06-17 08:03:00,C,21.0
2022-06-17 09:02:00,C,26.0
2022-06-17 09:03:00,C,21.0
2022-06-17 10:02:00,C,28.5
2022-06-17 10:03:00,C,21.0
2022-06-17 11:02:00,C,30.0
2022-06-17 11:03:00,C,20.5
2022-06-17 12:02:00,C,30.5
2022-06-17 12:03:00,C,20.5
2022-06-17 13:02:00,C,30.5
2022-06-17 13:03:00,C,20.5
2022-06-17 14:02:00,C,30.5
2022-06-17 14:03:00,C,20.5
2022-06-17 15:02:00,C,31.5
2022-06-17 15:03:00,C,20.5
2022-06-17 16:02:00,C,31.5
2022-06-17 16:03:00,C,20.5
2022-06-17 17:02:00,C,31.5
2022-06-17 17:03:00,C,20.5
2022-06-17 18:02:00,C,31.0
2022-06-17 18:03:00,C,20.5
2022-06-17 19:02:00,C,30.0
2022-06-17 19:03:00,C,20.5
2022-06-17 20:02:00,C,28.5
2022-06-17 20:03:00,C,20.5
2022-06-17 21:02:00,C,27.0
2022-06-17 21:03:00,C,20.5
2022-06-17 22:02:00,C,25.5
2022-06-17 22:03:00,C,20.5
2022-06-17 23:02:00,C,24.5
2022-06-17 23:03:00,C,20.5
2022-06-18 00:02:00,C,23.0
2022-06-18 00:03:00,C,20.5
2022-06-18 01:02:00,C,22.0
2022-06-18 01:03:00,C,20.5
2022-06-18 02:02:00,C,22.0
2022-06-18 02:03:00,C,20.5
2022-06-18 03:02:00,C,21.5
2022-06-18 03:03:00,C,21.0
2022-06-18 04:02:00,C,21.5
2022-06-18 04:03:00,C,21.0
2022-06-18 05:02:00,C,20.5
2022-06-18 05:03:00,C,21.0
2022-06-18 06:02:00,C,19.5
2022-06-18 06:03:00,C,21.0
2022-06-18 07:02:00,C,19.0
2022-06-18 07:03:00,C,21.0
2022-06-18 08:02:00,C,19.0
2022-06-18 08:03:00,C,21.0
2022-06-18 09:02:00,C,18.0
2022-06-18 09:03:00,C,21.0
2022-06-18 10:02:00,C,18.5
2022-06-18 10:03:00,C,21.0
2022-06-18 11:02:00,C,19.0
2022-06-18 11:03:00,C,21.0
2022-06-18 12:02:00,C,18.5
2022-06-18 12:03:00,C,21.0
2022-06-18 13:02:00,C,19.0
2022-06-18 13:03:00,C,21.0
2022-06-18 14:02:00,C,19.0
2022-06-18 14:03:00,C,21.0
2022-06-18 15:02:00,C,19.5
2022-06-18 15:03:00,C,21.0
2022-06-18 16:02:00,C,20.5
2022-06-18 16:03:00,C,21.0
2022-06-18 17:02:00,C,21.5
2022-06-18 17:03:00,C,21.0
2022-06-18 18:02:00,C,22.0
2022-06-18 18:03:00,C,21.0
2022-06-18 19:02:00,C,22.0
2022-06-18 19:03:00,C,21.0
2022-06-18 20:02:00,C,21.0
2022-06-18 20:03:00,C,21.0
2022-06-18 21:02:00,C,20.0
2022-06-18 21:03:00,C,20.5
2022-06-18 22:02:00,C,19.0
2022-06-18 22:03:00,C,20.5
2022-06-18 23:02:00,C,18.0
2022-06-18 23:03:00,C,20.5
2022-06-19 00:02:00,C,17.0
2022-06-19 00:03:00,C,20.5
2022-06-19 01:02:00,C,16.0
2022-06-19 01:03:00,C,20.5
2022-06-19 02:02:00,C,15.0
2022-06-19 02:03:00,C,20.5
2022-06-19 03:02:00,C,14.5
2022-06-19 03:03:00,C,20.5
2022-06-19 04:02:00,C,13.5
2022-06-19 04:03:00,C,20.5
2022-06-19 05:02:00,C,13.0
2022-06-19 05:03:00,C,20.5
2022-06-19 06:02:00,C,13.0
2022-06-19 06:03:00,C,20.5
2022-06-19 07:02:00,C,13.0
2022-06-19 07:03:00,C,20.5
2022-06-19 08:02:00,C,14.0
2022-06-19 08:03:00,C,20.5
2022-06-19 09:02:00,C,15.5
2022-06-19 09:03:00,C,20.5
2022-06-19 10:02:00,C,17.0
2022-06-19 10:03:00,C,20.5
2022-06-19 11:02:00,C,18.0
2022-06-19 11:03:00,C,20.5
2022-06-19 12:02:00,C,19.0
2022-06-19 12:03:00,C,20.5
2022-06-19 13:02:00,C,20.0
2022-06-19 13:03:00,C,20.5
2022-06-19 14:02:00,C,21.0
2022-06-19 14:03:00,C,20.5
2022-06-19 15:02:00,C,21.5
2022-06-19 15:03:00,C,20.5
2022-06-19 16:02:00,C,22.0
2022-06-19 16:03:00,C,20.5
2022-06-19 17:02:00,C,22.5
2022-06-19 17:03:00,C,20.5
2022-06-19 18:02:00,C,23.0
2022-06-19 18:03:00,C,20.5
2022-06-19 19:02:00,C,22.5
2022-06-19 19:03:00,C,20.5
2022-06-19 20:02:00,C,21.5
2022-06-19 20:03:00,C,20.5
2022-06-19 21:02:00,C,20.0
2022-06-19 21:03:00,C,20.5
2022-06-19 22:02:00,C,19.0
2022-06-19 22:03:00,C,20.5
2022-06-19 23:02:00,C,18.5
2022-06-19 23:03:00,C,20.5
2022-06-20 00:02:00,C,17.5
2022-06-20 00:03:00,C,20.5
2022-06-20 01:02:00,C,15.5
2022-06-20 01:03:00,C,20.5
2022-06-20 02:02:00,C,14.5
2022-06-20 02:03:00,C,20.5
2022-06-20 03:02:00,C,13.5
2022-06-20 03:03:00,C,20.5
2022-06-20 04:02:00,C,13.0
2022-06-20 04:03:00,C,20.5
2022-06-20 05:02:00,C,12.5
2022-06-20 05:03:00,C,20.5
2022-06-20 06:02:00,C,12.0
2022-06-20 06:03:00,C,20.5
2022-06-20 07:02:00,C,14.5
2022-06-20 07:03:00,C,20.5
2022-06-20 08:02:00,C,16.0
2022-06-20 08:03:00,C,20.5
2022-06-20 09:02:00,C,18.0
2022-06-20 09:03:00,C,20.5
2022-06-20 10:02:00,C,19.5
2022-06-20 10:03:00,C,20.5
2022-06-20 11:02:00,C,21.0
2022-06-20 11:03:00,C,20.5
2022-06-20 12:02:00,C,22.0
2022-06-20 12:03:00,C,20.5
2022-06-20 13:02:00,C,23.0
2022-06-20 13:03:00,C,20.5
2022-06-20 14:02:00,C,23.5
2022-06-20 14:03:00,C,20.5
2022-06-20 15:02:00,C,24.0
2022-06-20 15:03:00,C,20.5
2022-06-20 16:02:00,C,24.5
2022-06-20 16:03:00,C,20.5
2022-06-20 17:02:00,C,24.5
2022-06-20 17:03:00,C,20.0
2022-06-20 18:02:00,C,24.5
2022-06-20 18:03:00,C,20.0
2022-06-20 19:02:00,C,24.0
2022-06-20 19:03:00,C,20.0
2022-06-20 20:02:00,C,22.5
2022-06-20 20:03:00,C,20.0
2022-06-20 21:02:00,C,21.0
2022-06-20 21:03:00,C,20.0
2022-06-20 22:02:00,C,20.0
2022-06-20 22:03:00,C,20.5
2022-06-20 23:02:00,C,19.5
2022-06-20 23:03:00,C,20.5
2022-06-21 00:02:00,C,19.5
2022-06-21 00:03:00,C,20.5
2022-06-21 01:02:00,C,19.0
2022-06-21 01:03:00,C,20.5
2022-06-21 02:02:00,C,18.0
2022-06-21 02:03:00,C,20.5
2022-06-21 03:02:00,C,18.0
2022-06-21 03:03:00,C,20.5
2022-06-21 04:02:00,C,18.0
2022-06-21 04:03:00,C,20.5
2022-06-21 05:02:00,C,17.5
2022-06-21 05:03:00,C,20.5
2022-06-21 06:02:00,C,18.0
2022-06-21 06:03:00,C,20.5
2022-06-21 07:02:00,C,18.0
2022-06-21 07:03:00,C,20.5
2022-06-21 08:02:00,C,18.5
2022-06-21 08:03:00,C,20.5
2022-06-21 09:02:00,C,18.5
2022-06-21 09:03:00,C,20.5
2022-06-21 10:02:00,C,19.5
2022-06-21 10:03:00,C,20.5
2022-06-21 11:02:00,C,21.0
2022-06-21 11:03:00,C,20.5
2022-06-21 12:02:00,C,21.0
2022-06-21 12:03:00,C,20.5
2022-06-21 13:02:00,C,23.0
2022-06-21 13:03:00,C,20.5
2022-06-21 14:02:00,C,24.0
2022-06-21 14:03:00,C,20.5
2022-06-21 15:02:00,C,24.5
2022-06-21 15:03:00,C,20.5
2022-06-21 16:02:00,C,25.0
2022-06-21 16:03:00,C,20.5
2022-06-21 17:02:00,C,25.5
2022-06-21 17:03:00,C,20.5
2022-06-21 18:02:00,C,25.5
2022-06-21 18:03:00,C,20.0
2022-06-21 19:02:00,C,25.0
2022-06-21 19:03:00,C,20.0
2022-06-21 20:02:00,C,24.5
2022-06-21 20:03:00,C,20.0
2022-06-21 21:02:00,C,22.5
2022-06-21 21:03:00,C,20.0
2022-06-21 22:02:00,C,22.0
2022-06-21 22:03:00,C,20.5
2022-06-21 23:02:00,C,21.0
2022-06-21 23:03:00,C,20.5
2022-06-22 00:02:00,C,20.0
2022-06-22 00:03:00,C,20.5
2022-06-22 01:02:00,C,20.0
2022-06-22 01:03:00,C,20.5
2022-06-22 02:02:00,C,19.5
2022-06-22 02:03:00,C,20.5
2022-06-22 03:02:00,C,19.0
2022-06-22 03:03:00,C,20.5
2022-06-22 04:02:00,C,18.5
2022-06-22 04:03:00,C,20.5
2022-06-22 05:02:00,C,18.0
2022-06-22 05:03:00,C,20.5
2022-06-22 06:02:00,C,18.0
2022-06-22 06:03:00,C,20.5
2022-06-22 07:02:00,C,18.5
2022-06-22 07:03:00,C,20.5
2022-06-22 08:02:00,C,19.5
2022-06-22 08:03:00,C,20.5
2022-06-22 09:02:00,C,20.0
2022-06-22 09:03:00,C,24.0
2022-06-22 10:02:00,C,21.5
2022-06-22 10:03:00,C,26.5
2022-06-22 11:02:00,C,23.5
2022-06-22 11:03:00,C,25.5
2022-06-22 12:02:00,C,25.0
2022-06-22 12:03:00,C,26.5
2022-06-22 13:02:00,C,25.5
2022-06-22 13:03:00,C,28.0
2022-06-22 14:02:00,C,26.5
2022-06-22 14:03:00,C,29.0
2022-06-22 15:02:00,C,26.0
2022-06-22 15:03:00,C,28.0
2022-06-22 16:02:00,C,24.5
2022-06-22 16:03:00,C,27.0
2022-06-22 17:02:00,C,23.0
2022-06-22 17:03:00,C,25.5
2022-06-22 18:02:00,C,22.5
2022-06-22 18:03:00,C,25.0
2022-06-22 19:02:00,C,21.0
2022-06-22 19:03:00,C,23.0
2022-06-22 20:02:00,C,20.0
2022-06-22 20:03:00,C,23.0
2022-06-22 21:02:00,C,19.0
2022-06-22 21:03:00,C,22.5
2022-06-22 22:02:00,C,19.0
2022-06-22 22:03:00,C,21.0
2022-06-22 23:02:00,C,18.5
2022-06-22 23:03:00,C,20.5
2022-06-23 00:02:00,C,18.5
2022-06-23 00:03:00,C,20.0
2022-06-23 01:02:00,C,18.0
2022-06-23 01:03:00,C,20.0
2022-06-23 02:02:00,C,18.0
2022-06-23 02:03:00,C,19.5
2022-06-23 03:02:00,C,18.0
2022-06-23 03:03:00,C,19.0
2022-06-23 04:02:00,C,17.5
2022-06-23 04:03:00,C,19.0
2022-06-23 05:02:00,C,17.0
2022-06-23 05:03:00,C,18.5
2022-06-23 06:02:00,C,17.0
2022-06-23 06:03:00,C,18.5
2022-06-23 07:02:00,C,17.0
2022-06-23 07:03:00,C,18.5
2022-06-23 08:02:00,C,16.5
2022-06-23 08:03:00,C,18.0
2022-06-23 09:02:00,C,17.0
2022-06-23 09:03:00,C,18.0
2022-06-23 10:02:00,C,17.0
2022-06-23 10:03:00,C,18.5
2022-06-23 11:02:00,C,17.0
2022-06-23 11:03:00,C,18.5
2022-06-23 12:02:00,C,17.0
2022-06-23 12:03:00,C,18.5
2022-06-23 13:02:00,C,17.0
2022-06-23 13:03:00,C,18.5
2022-06-23 14:02:00,C,17.5
2022-06-23 14:03:00,C,19.5
2022-06-23 15:02:00,C,18.0
2022-06-23 15:03:00,C,19.5
2022-06-23 16:02:00,C,17.5
2022-06-23 16:03:00,C,20.5
2022-06-23 17:02:00,C,18.0
2022-06-23 17:03:00,C,21.0
2022-06-23 18:02:00,C,18.5
2022-06-23 18:03:00,C,21.0
2022-06-23 19:02:00,C,18.5
2022-06-23 19:03:00,C,21.0
2022-06-23 20:02:00,C,18.0
2022-06-23 20:03:00,C,21.0
2022-06-23 21:02:00,C,18.0
2022-06-23 21:03:00,C,21.0
2022-06-23 22:02:00,C,17.5
2022-06-23 22:03:00,C,21.0
2022-06-23 23:02:00,C,17.0
2022-06-23 23:03:00,C,20.5
2022-06-24 00:02:00,C,16.5
2022-06-24 00:03:00,C,20.0
2022-06-24 01:02:00,C,16.5
2022-06-24 01:03:00,C,19.5
2022-06-24 02:02:00,C,16.5
2022-06-24 02:03:00,C,19.0
2022-06-24 03:02:00,C,16.5
2022-06-24 03:03:00,C,18.5
2022-06-24 04:02:00,C,16.5
2022-06-24 04:03:00,C,18.5
2022-06-24 05:02:00,C,16.0
2022-06-24 05:03:00,C,18.5
2022-06-24 06:02:00,C,16.0
2022-06-24 06:03:00,C,18.0
2022-06-24 07:02:00,C,16.0
2022-06-24 07:03:00,C,18.5
2022-06-24 08:02:00,C,17.0
2022-06-24 08:03:00,C,19.5
2022-06-24 09:02:00,C,18.5
2022-06-24 09:03:00,C,20.5
2022-06-24 10:02:00,C,19.5
2022-06-24 10:03:00,C,21.5
2022-06-24 11:02:00,C,20.0
2022-06-24 11:03:00,C,22.0
2022-06-24 12:02:00,C,20.5
2022-06-24 12:03:00,C,23.0
2022-06-24 13:02:00,C,21.5
2022-06-24 13:03:00,C,24.0
2022-06-24 14:02:00,C,22.5
2022-06-24 14:03:00,C,25.5
2022-06-24 15:02:00,C,23.0
2022-06-24 15:03:00,C,26.0
2022-06-24 16:02:00,C,23.5
2022-06-24 16:03:00,C,26.0
2022-06-24 17:02:00,C,24.5
2022-06-24 17:03:00,C,26.5
2022-06-24 18:02:00,C,24.5
2022-06-24 18:03:00,C,27.5
2022-06-24 19:02:00,C,24.0
2022-06-24 19:03:00,C,27.0
2022-06-24 20:02:00,C,23.5
2022-06-24 20:03:00,C,26.0
2022-06-24 21:02:00,C,22.5
2022-06-24 21:03:00,C,25.5
2022-06-24 22:02:00,C,21.0
2022-06-24 22:03:00,C,25.0
2022-06-24 23:02:00,C,20.0
2022-06-24 23:03:00,C,24.0
2022-06-25 00:02:00,C,20.0
2022-06-25 00:03:00,C,24.0
2022-06-25 01:02:00,C,19.0
2022-06-25 01:03:00,C,22.5
2022-06-25 02:02:00,C,19.0
2022-06-25 02:03:00,C,22.5
2022-06-25 03:02:00,C,19.0
2022-06-25 03:03:00,C,22.0
2022-06-25 04:02:00,C,18.5
2022-06-25 04:03:00,C,21.0
2022-06-25 05:02:00,C,18.0
2022-06-25 05:03:00,C,21.0
2022-06-25 06:02:00,C,17.5
2022-06-25 06:03:00,C,20.5
2022-06-25 07:02:00,C,18.0
2022-06-25 07:03:00,C,20.5
2022-06-25 08:02:00,C,20.0
2022-06-25 08:03:00,C,21.5
2022-06-25 09:02:00,C,21.5
2022-06-25 09:03:00,C,22.5
2022-06-25 10:02:00,C,24.0
2022-06-25 10:03:00,C,24.0
2022-06-25 11:02:00,C,26.5
2022-06-25 11:03:00,C,25.5
2022-06-25 12:02:00,C,27.0
2022-06-25 12:03:00,C,28.0
2022-06-25 13:02:00,C,27.5
2022-06-25 13:03:00,C,29.5
2022-06-25 14:02:00,C,27.0
2022-06-25 14:03:00,C,31.0
2022-06-25 15:02:00,C,27.5
2022-06-25 15:03:00,C,31.0
2022-06-25 16:02:00,C,27.0
2022-06-25 16:03:00,C,31.5
2022-06-25 17:02:00,C,28.0
2022-06-25 17:03:00,C,31.0
2022-06-25 18:02:00,C,27.5
2022-06-25 18:03:00,C,31.0
2022-06-25 19:02:00,C,27.0
2022-06-25 19:03:00,C,30.5
2022-06-25 20:02:00,C,26.5
2022-06-25 20:03:00,C,29.0
2022-06-25 21:02:00,C,25.0
2022-06-25 21:03:00,C,28.0
2022-06-25 22:02:00,C,23.5
2022-06-25 22:03:00,C,27.0
2022-06-25 23:02:00,C,22.5
2022-06-25 23:03:00,C,26.5
2022-06-26 00:02:00,C,22.5
2022-06-26 00:03:00,C,26.0
2022-06-26 01:02:00,C,22.0
2022-06-26 01:03:00,C,25.0
2022-06-26 02:02:00,C,21.5
2022-06-26 02:03:00,C,24.5
2022-06-26 03:02:00,C,21.0
2022-06-26 03:03:00,C,24.0
2022-06-26 04:02:00,C,21.0
2022-06-26 04:03:00,C,23.5
2022-06-26 05:02:00,C,20.5
2022-06-26 05:03:00,C,23.5
2022-06-26 06:02:00,C,20.0
2022-06-26 06:03:00,C,23.0
2022-06-26 07:02:00,C,20.0
2022-06-26 07:03:00,C,23.0
2022-06-26 08:02:00,C,20.5
2022-06-26 08:03:00,C,23.0
2022-06-26 09:02:00,C,21.5
2022-06-26 09:03:00,C,23.5
2022-06-26 10:02:00,C,24.5
2022-06-26 10:03:00,C,25.0
2022-06-26 11:02:00,C,26.5
2022-06-26 11:03:00,C,27.0
2022-06-26 12:02:00,C,28.0
2022-06-26 12:03:00,C,28.5
2022-06-26 13:02:00,C,28.5
2022-06-26 13:03:00,C,30.0
2022-06-26 14:02:00,C,29.0
2022-06-26 14:03:00,C,31.0
2022-06-26 15:02:00,C,29.0
2022-06-26 15:03:00,C,32.0
2022-06-26 16:02:00,C,28.5
2022-06-26 16:03:00,C,32.0
2022-06-26 17:02:00,C,28.5
2022-06-26 17:03:00,C,31.5
2022-06-26 18:02:00,C,28.0
2022-06-26 18:03:00,C,31.0
2022-06-26 19:02:00,C,27.0
2022-06-26 19:03:00,C,29.5
2022-06-26 20:02:00,C,25.5
2022-06-26 20:03:00,C,24.5
2022-06-26 21:02:00,C,24.5
2022-06-26 21:03:00,C,24.0
2022-06-26 22:02:00,C,23.5
2022-06-26 22:03:00,C,24.0
2022-06-26 23:02:00,C,23.0
2022-06-26 23:03:00,C,24.0
2022-06-27 00:02:00,C,22.5
2022-06-27 00:03:00,C,24.0
2022-06-27 01:02:00,C,22.5
2022-06-27 01:03:00,C,24.0
2022-06-27 02:02:00,C,22.5
2022-06-27 02:03:00,C,24.0
2022-06-27 03:02:00,C,22.5
2022-06-27 03:03:00,C,24.0
2022-06-27 04:02:00,C,22.0
2022-06-27 04:03:00,C,23.5
2022-06-27 05:02:00,C,22.0
2022-06-27 05:03:00,C,23.5
2022-06-27 06:02:00,C,21.5
2022-06-27 06:03:00,C,23.5
2022-06-27 07:02:00,C,21.5
2022-06-27 07:03:00,C,23.5
2022-06-27 08:02:00,C,22.0
2022-06-27 08:03:00,C,24.0
2022-06-27 09:02:00,C,23.5
2022-06-27 09:03:00,C,24.5
2022-06-27 10:02:00,C,24.0
2022-06-27 10:03:00,C,25.5
2022-06-27 11:02:00,C,24.5
2022-06-27 11:03:00,C,26.0
2022-06-27 12:02:00,C,22.0
2022-06-27 12:03:00,C,26.5
2022-06-27 13:02:00,C,22.5
2022-06-27 13:03:00,C,23.0
2022-06-27 14:02:00,C,22.5
2022-06-27 14:03:00,C,23.5
2022-06-27 15:02:00,C,22.5
2022-06-27 15:03:00,C,23.5
2022-06-27 16:02:00,C,23.0
2022-06-27 16:03:00,C,24.5
2022-06-27 17:02:00,C,23.5
2022-06-27 17:03:00,C,26.5
2022-06-27 18:02:00,C,24.0
2022-06-27 18:03:00,C,27.5
2022-06-27 19:02:00,C,24.5
2022-06-27 19:03:00,C,27.5
2022-06-27 20:02:00,C,23.5
2022-06-27 20:03:00,C,27.0
2022-06-27 21:02:00,C,22.0
2022-06-27 21:03:00,C,26.0
2022-06-27 22:02:00,C,21.5
2022-06-27 22:03:00,C,24.5
2022-06-27 23:02:00,C,21.0
2022-06-27 23:03:00,C,24.0
2022-06-28 00:02:00,C,20.0
2022-06-28 00:03:00,C,23.0
2022-06-28 01:02:00,C,19.5
2022-06-28 01:03:00,C,22.0
2022-06-28 02:02:00,C,18.0
2022-06-28 02:03:00,C,21.5
2022-06-28 03:02:00,C,17.5
2022-06-28 03:03:00,C,20.5
2022-06-28 04:02:00,C,16.5
2022-06-28 04:03:00,C,20.0
2022-06-28 05:02:00,C,16.0
2022-06-28 05:03:00,C,19.5
2022-06-28 06:02:00,C,15.5
2022-06-28 06:03:00,C,18.5
2022-06-28 07:02:00,C,16.0
2022-06-28 07:03:00,C,18.0
2022-06-28 08:02:00,C,17.5
2022-06-28 08:03:00,C,19.0
2022-06-28 09:02:00,C,18.5
2022-06-28 09:03:00,C,20.5
2022-06-28 10:02:00,C,20.5
2022-06-28 10:03:00,C,22.0
2022-06-28 11:02:00,C,21.5
2022-06-28 11:03:00,C,23.0
2022-06-28 12:02:00,C,22.0
2022-06-28 12:03:00,C,24.0
2022-06-28 13:02:00,C,22.5
2022-06-28 13:03:00,C,24.5
2022-06-28 14:02:00,C,23.0
2022-06-28 14:03:00,C,26.0
2022-06-28 15:02:00,C,23.5
2022-06-28 15:03:00,C,26.5
2022-06-28 16:02:00,C,23.5
2022-06-28 16:03:00,C,27.0
2022-06-28 17:02:00,C,24.0
2022-06-28 17:03:00,C,28.0
2022-06-28 18:02:00,C,24.0
2022-06-28 18:03:00,C,26.5
2022-06-28 19:02:00,C,23.5
2022-06-28 19:03:00,C,26.5
2022-06-28 20:02:00,C,22.5
2022-06-28 20:03:00,C,25.5
2022-06-28 21:02:00,C,21.0
2022-06-28 21:03:00,C,25.0
2022-06-28 22:02:00,C,20.0
2022-06-28 22:03:00,C,24.5
2022-06-28 23:02:00,C,18.0
2022-06-28 23:03:00,C,23.5
2022-06-29 00:02:00,C,18.5
2022-06-29 00:03:00,C,23.0
2022-06-29 01:02:00,C,17.5
2022-06-29 01:03:00,C,22.0
2022-06-29 02:02:00,C,17.5
2022-06-29 02:03:00,C,21.0
2022-06-29 03:02:00,C,17.0
2022-06-29 03:03:00,C,20.5
2022-06-29 04:02:00,C,17.0
2022-06-29 04:03:00,C,19.5
2022-06-29 05:02:00,C,16.0
2022-06-29 05:03:00,C,19.0
2022-06-29 06:02:00,C,15.5
2022-06-29 06:03:00,C,19.0
2022-06-29 07:02:00,C,16.0
2022-06-29 07:03:00,C,19.0
2022-06-29 08:02:00,C,18.0
2022-06-29 08:03:00,C,20.0
2022-06-29 09:02:00,C,20.0
2022-06-29 09:03:00,C,22.0
2022-06-29 10:02:00,C,23.0
2022-06-29 10:03:00,C,23.5
2022-06-29 11:02:00,C,25.0
2022-06-29 11:03:00,C,25.0
2022-06-29 12:02:00,C,26.0
2022-06-29 12:03:00,C,26.5
2022-06-29 13:02:00,C,26.0
2022-06-29 13:03:00,C,27.5
2022-06-29 14:02:00,C,26.5
2022-06-29 14:03:00,C,29.0
2022-06-29 15:02:00,C,26.5
2022-06-29 15:03:00,C,28.5
2022-06-29 16:02:00,C,26.5
2022-06-29 16:03:00,C,29.5
2022-06-29 17:02:00,C,27.0
2022-06-29 17:03:00,C,30.0
2022-06-29 18:02:00,C,27.0
2022-06-29 18:03:00,C,30.5
2022-06-29 19:02:00,C,26.5
2022-06-29 19:03:00,C,29.5
2022-06-29 20:02:00,C,26.0
2022-06-29 20:03:00,C,28.0
2022-06-29 21:02:00,C,25.0
2022-06-29 21:03:00,C,27.0
2022-06-29 22:02:00,C,24.0
2022-06-29 22:03:00,C,26.5
2022-06-29 23:02:00,C,22.5
2022-06-29 23:03:00,C,25.5
2022-06-30 00:02:00,C,22.5
2022-06-30 00:03:00,C,23.0
2022-06-30 01:02:00,C,21.5
2022-06-30 01:03:00,C,22.5
2022-06-30 02:02:00,C,20.5
2022-06-30 02:03:00,C,22.5
2022-06-30 03:02:00,C,19.5
2022-06-30 03:03:00,C,22.5
2022-06-30 04:02:00,C,18.5
2022-06-30 04:03:00,C,21.5
2022-06-30 05:02:00,C,18.0
2022-06-30 05:03:00,C,21.0
2022-06-30 06:02:00,C,17.5
2022-06-30 06:03:00,C,21.0
2022-06-30 07:02:00,C,18.0
2022-06-30 07:03:00,C,20.5
2022-06-30 08:02:00,C,20.5
2022-06-30 08:03:00,C,22.0
2022-06-30 09:02:00,C,22.5
2022-06-30 09:03:00,C,24.0
2022-06-30 10:02:00,C,24.5
2022-06-30 10:03:00,C,26.5
2022-06-30 11:02:00,C,26.5
2022-06-30 11:03:00,C,27.5
2022-06-30 12:02:00,C,28.0
2022-06-30 12:03:00,C,28.5
2022-06-30 13:02:00,C,28.0
2022-06-30 13:03:00,C,29.5
2022-06-30 14:02:00,C,28.5
2022-06-30 14:03:00,C,30.5
2022-06-30 15:02:00,C,28.5
2022-06-30 15:03:00,C,31.5
2022-06-30 16:02:00,C,28.5
2022-06-30 16:03:00,C,31.5
2022-06-30 17:02:00,C,28.5
2022-06-30 17:03:00,C,32.5
2022-06-30 18:02:00,C,28.5
2022-06-30 18:03:00,C,32.0
2022-06-30 19:02:00,C,28.0
2022-06-30 19:03:00,C,31.5
2022-06-30 20:02:00,C,27.0
2022-06-30 20:03:00,C,30.0
2022-06-30 21:02:00,C,26.0
2022-06-30 21:03:00,C,29.5
2022-06-30 22:02:00,C,24.5
2022-06-30 22:03:00,C,28.5
2022-06-30 23:02:00,C,24.0
2022-06-30 23:03:00,C,28.0
2022-07-01 00:02:00,C,22.5
2022-07-01 00:03:00,C,27.0
2022-07-01 01:02:00,C,22.0
2022-07-01 01:03:00,C,27.0
2022-07-01 02:02:00,C,21.5
2022-07-01 02:03:00,C,26.0
2022-07-01 03:02:00,C,21.5
2022-07-01 03:03:00,C,25.5
2022-07-01 04:02:00,C,21.0
2022-07-01 04:03:00,C,25.5
2022-07-01 05:02:00,C,21.0
2022-07-01 05:03:00,C,25.0
2022-07-01 06:02:00,C,20.5
2022-07-01 06:03:00,C,24.5
2022-07-01 07:02:00,C,21.0
2022-07-01 07:03:00,C,24.5
2022-07-01 08:02:00,C,23.0
2022-07-01 08:03:00,C,25.0
2022-07-01 09:02:00,C,24.0
2022-07-01 09:03:00,C,26.0
2022-07-01 10:02:00,C,26.5
2022-07-01 10:03:00,C,27.5
2022-07-01 11:02:00,C,28.5
2022-07-01 11:03:00,C,29.0
2022-07-01 12:02:00,C,29.5
2022-07-01 12:03:00,C,30.5
2022-07-01 13:02:00,C,30.5
2022-07-01 13:03:00,C,32.0
2022-07-01 14:02:00,C,30.5
2022-07-01 14:03:00,C,33.0
2022-07-01 15:02:00,C,26.5
2022-07-01 15:03:00,C,32.0
2022-07-01 16:02:00,C,23.5
2022-07-01 16:03:00,C,27.5
2022-07-01 17:02:00,C,24.0
2022-07-01 17:03:00,C,29.5
2022-07-01 18:02:00,C,25.0
2022-07-01 18:03:00,C,31.5
2022-07-01 19:02:00,C,25.0
2022-07-01 19:03:00,C,31.0
2022-07-01 20:02:00,C,24.5
2022-07-01 20:03:00,C,30.0
2022-07-01 21:02:00,C,24.5
2022-07-01 21:03:00,C,29.5
2022-07-01 22:02:00,C,24.0
2022-07-01 22:03:00,C,28.5
2022-07-01 23:02:00,C,24.0
2022-07-01 23:03:00,C,28.0
2022-07-02 00:02:00,C,24.0
2022-07-02 00:03:00,C,27.5
2022-07-02 01:02:00,C,23.5
2022-07-02 01:03:00,C,27.0
2022-07-02 02:02:00,C,23.0
2022-07-02 02:03:00,C,27.0
2022-07-02 03:02:00,C,22.5
2022-07-02 03:03:00,C,26.5
2022-07-02 04:02:00,C,22.5
2022-07-02 04:03:00,C,26.5
2022-07-02 05:02:00,C,23.0
2022-07-02 05:03:00,C,26.5
2022-07-02 06:02:00,C,23.0
2022-07-02 06:03:00,C,26.0
2022-07-02 07:02:00,C,23.0
2022-07-02 07:03:00,C,26.0
2022-07-02 08:02:00,C,23.5
2022-07-02 08:03:00,C,26.0
2022-07-02 09:02:00,C,24.0
2022-07-02 09:03:00,C,26.5
2022-07-02 10:02:00,C,25.5
2022-07-02 10:03:00,C,27.5
2022-07-02 11:02:00,C,26.5
2022-07-02 11:03:00,C,29.0
2022-07-02 12:02:00,C,26.5
2022-07-02 12:03:00,C,30.5
2022-07-02 13:02:00,C,28.5
2022-07-02 13:03:00,C,31.5
2022-07-02 14:02:00,C,29.0
2022-07-02 14:03:00,C,32.5
2022-07-02 15:02:00,C,29.5
2022-07-02 15:03:00,C,32.5
2022-07-02 16:02:00,C,29.0
2022-07-02 16:03:00,C,32.5
2022-07-02 17:02:00,C,28.5
2022-07-02 17:03:00,C,32.5
2022-07-02 18:02:00,C,27.5
2022-07-02 18:03:00,C,31.0
2022-07-02 19:02:00,C,27.5
2022-07-02 19:03:00,C,30.5
2022-07-02 20:02:00,C,26.5
2022-07-02 20:03:00,C,30.0
2022-07-02 21:02:00,C,24.5
2022-07-02 21:03:00,C,22.5
2022-07-02 22:02:00,C,23.0
2022-07-02 22:03:00,C,22.5
2022-07-02 23:02:00,C,22.0
2022-07-02 23:03:00,C,23.0
2022-07-03 00:02:00,C,22.0
2022-07-03 00:03:00,C,23.0
2022-07-03 01:02:00,C,21.5
2022-07-03 01:03:00,C,22.5
2022-07-03 02:02:00,C,21.5
2022-07-03 02:03:00,C,22.0
2022-07-03 03:02:00,C,21.5
2022-07-03 03:03:00,C,22.0
2022-07-03 04:02:00,C,21.0
2022-07-03 04:03:00,C,22.5
2022-07-03 05:02:00,C,21.5
2022-07-03 05:03:00,C,22.5
2022-07-03 06:02:00,C,21.5
2022-07-03 06:03:00,C,22.5
2022-07-03 07:02:00,C,21.5
2022-07-03 07:03:00,C,22.5
2022-07-03 08:02:00,C,21.5
2022-07-03 08:03:00,C,22.5
2022-07-03 09:02:00,C,21.0
2022-07-03 09:03:00,C,22.5
2022-07-03 10:02:00,C,22.0
2022-07-03 10:03:00,C,24.0
2022-07-03 11:02:00,C,23.0
2022-07-03 11:03:00,C,24.5
2022-07-03 12:02:00,C,24.5
2022-07-03 12:03:00,C,26.5
2022-07-03 13:02:00,C,26.0
2022-07-03 13:03:00,C,28.0
2022-07-03 14:02:00,C,26.5
2022-07-03 14:03:00,C,29.0
2022-07-03 15:02:00,C,27.0
2022-07-03 15:03:00,C,30.0
2022-07-03 16:02:00,C,27.5
2022-07-03 16:03:00,C,30.5
2022-07-03 17:02:00,C,27.5
2022-07-03 17:03:00,C,30.5
2022-07-03 18:02:00,C,27.5
2022-07-03 18:03:00,C,30.5
2022-07-03 19:02:00,C,27.0
2022-07-03 19:03:00,C,30.5
2022-07-03 20:02:00,C,26.0
2022-07-03 20:03:00,C,29.5
2022-07-03 21:02:00,C,25.0
2022-07-03 21:03:00,C,28.5
2022-07-03 22:02:00,C,23.0
2022-07-03 22:03:00,C,27.0
2022-07-03 23:02:00,C,22.5
2022-07-03 23:03:00,C,26.0
2022-07-04 00:02:00,C,22.0
2022-07-04 00:03:00,C,25.0
2022-07-04 01:02:00,C,22.5
2022-07-04 01:03:00,C,24.0
2022-07-04 02:02:00,C,21.0
2022-07-04 02:03:00,C,23.5
2022-07-04 03:02:00,C,20.0
2022-07-04 03:03:00,C,23.0
2022-07-04 04:02:00,C,19.0
2022-07-04 04:03:00,C,22.5
2022-07-04 05:02:00,C,18.5
2022-07-04 05:03:00,C,22.5
2022-07-04 06:02:00,C,17.5
2022-07-04 06:03:00,C,21.5
2022-07-04 07:02:00,C,18.5
2022-07-04 07:03:00,C,21.0
2022-07-04 08:02:00,C,20.0
2022-07-04 08:03:00,C,22.0
2022-07-04 09:02:00,C,21.0
2022-07-04 09:03:00,C,23.5
2022-07-04 10:02:00,C,22.5
2022-07-04 10:03:00,C,25.0
2022-07-04 11:02:00,C,25.0
2022-07-04 11:03:00,C,26.0
2022-07-04 12:02:00,C,26.5
2022-07-04 12:03:00,C,27.5
2022-07-04 13:02:00,C,26.0
2022-07-04 13:03:00,C,28.0
2022-07-04 14:02:00,C,26.5
2022-07-04 14:03:00,C,29.0
2022-07-04 15:02:00,C,27.0
2022-07-04 15:03:00,C,29.0
2022-07-04 16:02:00,C,27.0
2022-07-04 16:03:00,C,30.5
2022-07-04 17:02:00,C,27.5
2022-07-04 17:03:00,C,31.0
2022-07-04 18:02:00,C,27.5
2022-07-04 18:03:00,C,30.5
2022-07-04 19:02:00,C,26.5
2022-07-04 19:03:00,C,29.0
2022-07-04 20:02:00,C,25.0
2022-07-04 20:03:00,C,28.0
2022-07-04 21:02:00,C,24.0
2022-07-04 21:03:00,C,27.5
2022-07-04 22:02:00,C,22.5
2022-07-04 22:03:00,C,27.0
2022-07-04 23:02:00,C,22.0
2022-07-04 23:03:00,C,26.5
2022-07-05 00:02:00,C,21.0
2022-07-05 00:03:00,C,26.0
2022-07-05 01:02:00,C,20.5
2022-07-05 01:03:00,C,25.0
2022-07-05 02:02:00,C,20.0
2022-07-05 02:03:00,C,24.5
2022-07-05 03:02:00,C,20.0
2022-07-05 03:03:00,C,24.0
2022-07-05 04:02:00,C,19.5
2022-07-05 04:03:00,C,23.5
2022-07-05 05:02:00,C,20.0
2022-07-05 05:03:00,C,23.5
2022-07-05 06:02:00,C,19.5
2022-07-05 06:03:00,C,23.0
2022-07-05 07:02:00,C,20.5
2022-07-05 07:03:00,C,23.5
2022-07-05 08:02:00,C,21.0
2022-07-05 08:03:00,C,24.0
2022-07-05 09:02:00,C,23.0
2022-07-05 09:03:00,C,24.5
2022-07-05 10:02:00,C,24.0
2022-07-05 10:03:00,C,26.0
2022-07-05 11:02:00,C,25.0
2022-07-05 11:03:00,C,27.0
2022-07-05 12:02:00,C,26.5
2022-07-05 12:03:00,C,28.5
2022-07-05 13:02:00,C,26.5
2022-07-05 13:03:00,C,28.5
2022-07-05 14:02:00,C,26.5
2022-07-05 14:03:00,C,28.0
2022-07-05 15:02:00,C,24.5
2022-07-05 15:03:00,C,27.5
2022-07-05 16:02:00,C,24.0
2022-07-05 16:03:00,C,25.0
2022-07-05 17:02:00,C,24.5
2022-07-05 17:03:00,C,25.0
2022-07-05 18:02:00,C,24.5
2022-07-05 18:03:00,C,26.0
2022-07-05 19:02:00,C,24.0
2022-07-05 19:03:00,C,25.5
2022-07-05 20:02:00,C,24.0
2022-07-05 20:03:00,C,25.5
2022-07-05 21:02:00,C,24.0
2022-07-05 21:03:00,C,25.5
2022-07-05 22:02:00,C,23.5
2022-07-05 22:03:00,C,25.5
2022-07-05 23:02:00,C,23.5
2022-07-05 23:03:00,C,25.5
2022-07-06 00:02:00,C,23.5
2022-07-06 00:03:00,C,25.5
2022-07-06 01:02:00,C,23.5
2022-07-06 01:03:00,C,25.0
2022-07-06 02:02:00,C,22.5
2022-07-06 02:03:00,C,25.0
2022-07-06 03:02:00,C,22.5
2022-07-06 03:03:00,C,24.0
2022-07-06 04:02:00,C,22.5
2022-07-06 04:03:00,C,24.0
2022-07-06 05:02:00,C,22.0
2022-07-06 05:03:00,C,23.5
2022-07-06 06:02:00,C,22.5
2022-07-06 06:03:00,C,24.0
2022-07-06 07:02:00,C,22.5
2022-07-06 07:03:00,C,24.5
2022-07-06 08:02:00,C,23.5
2022-07-06 08:03:00,C,25.5
2022-07-06 09:02:00,C,24.5
2022-07-06 09:03:00,C,26.0
2022-07-06 10:02:00,C,25.5
2022-07-06 10:03:00,C,28.0
2022-07-06 11:02:00,C,26.0
2022-07-06 11:03:00,C,29.0
2022-07-06 12:02:00,C,26.0
2022-07-06 12:03:00,C,29.0
2022-07-06 13:02:00,C,27.0
2022-07-06 13:03:00,C,29.0
2022-07-06 14:02:00,C,28.5
2022-07-06 14:03:00,C,30.0
2022-07-06 15:02:00,C,28.0
2022-07-06 15:03:00,C,30.0
2022-07-06 16:02:00,C,28.0
2022-07-06 16:03:00,C,31.0
2022-07-06 17:02:00,C,23.0
2022-07-06 17:03:00,C,32.0
2022-07-06 18:02:00,C,23.5
2022-07-06 18:03:00,C,28.0
2022-07-06 19:02:00,C,23.0
2022-07-06 19:03:00,C,28.0
2022-07-06 20:02:00,C,23.0
2022-07-06 20:03:00,C,28.0
2022-07-06 21:02:00,C,22.0
2022-07-06 21:03:00,C,26.0
2022-07-06 22:02:00,C,22.0
2022-07-06 22:03:00,C,25.5
2022-07-06 23:02:00,C,22.0
2022-07-06 23:03:00,C,24.5
2022-07-07 00:02:00,C,22.0
2022-07-07 00:03:00,C,24.0
2022-07-07 01:02:00,C,22.0
2022-07-07 01:03:00,C,24.0
2022-07-07 02:02:00,C,22.0
2022-07-07 02:03:00,C,23.5
2022-07-07 03:02:00,C,21.0
2022-07-07 03:03:00,C,23.0
2022-07-07 04:02:00,C,19.5
2022-07-07 04:03:00,C,22.5
2022-07-07 05:02:00,C,19.5
2022-07-07 05:03:00,C,21.0
2022-07-07 06:02:00,C,19.5
2022-07-07 06:03:00,C,21.0
2022-07-07 07:02:00,C,19.5
2022-07-07 07:03:00,C,21.0
2022-07-07 08:02:00,C,19.5
2022-07-07 08:03:00,C,21.5
2022-07-07 09:02:00,C,20.0
2022-07-07 09:03:00,C,21.5
2022-07-07 10:02:00,C,21.0
2022-07-07 10:03:00,C,23.0
2022-07-07 11:02:00,C,21.5
2022-07-07 11:03:00,C,24.0
2022-07-07 12:02:00,C,22.0
2022-07-07 12:03:00,C,25.0
2022-07-07 13:02:00,C,22.0
2022-07-07 13:03:00,C,25.5
2022-07-07 14:02:00,C,22.5
2022-07-07 14:03:00,C,25.5
2022-07-07 15:02:00,C,23.0
2022-07-07 15:03:00,C,26.0
2022-07-07 16:02:00,C,23.5
2022-07-07 16:03:00,C,26.0
2022-07-07 17:02:00,C,23.5
2022-07-07 17:03:00,C,26.5
2022-07-07 18:02:00,C,23.5
2022-07-07 18:03:00,C,26.5
2022-07-07 19:02:00,C,23.5
2022-07-07 19:03:00,C,26.5
2022-07-07 20:02:00,C,23.5
2022-07-07 20:03:00,C,26.5
2022-07-07 21:02:00,C,22.5
2022-07-07 21:03:00,C,26.0
2022-07-07 22:02:00,C,22.0
2022-07-07 22:03:00,C,25.5
2022-07-07 23:02:00,C,21.5
2022-07-07 23:03:00,C,25.0
2022-07-08 00:02:00,C,21.0
2022-07-08 00:03:00,C,25.0
2022-07-08 01:02:00,C,21.5
2022-07-08 01:03:00,C,24.5
2022-07-08 02:02:00,C,21.5
2022-07-08 02:03:00,C,24.5
2022-07-08 03:02:00,C,21.0
2022-07-08 03:03:00,C,24.0
2022-07-08 04:02:00,C,20.5
2022-07-08 04:03:00,C,23.5
2022-07-08 05:02:00,C,20.5
2022-07-08 05:03:00,C,23.5
2022-07-08 06:02:00,C,20.0
2022-07-08 06:03:00,C,23.5
2022-07-08 07:02:00,C,20.5
2022-07-08 07:03:00,C,23.0
2022-07-08 08:02:00,C,21.0
2022-07-08 08:03:00,C,23.5
2022-07-08 09:02:00,C,22.0
2022-07-08 09:03:00,C,24.0
2022-07-08 10:02:00,C,22.5
2022-07-08 10:03:00,C,25.0
2022-07-08 11:02:00,C,23.0
2022-07-08 11:03:00,C,26.0
2022-07-08 12:02:00,C,24.5
2022-07-08 12:03:00,C,27.0
2022-07-08 13:02:00,C,25.0
2022-07-08 13:03:00,C,28.0
2022-07-08 14:02:00,C,25.5
2022-07-08 14:03:00,C,28.0
2022-07-08 15:02:00,C,26.5
2022-07-08 15:03:00,C,29.0
2022-07-08 16:02:00,C,26.5
2022-07-08 16:03:00,C,29.5
2022-07-08 17:02:00,C,26.5
2022-07-08 17:03:00,C,29.5
2022-07-08 18:02:00,C,26.0
2022-07-08 18:03:00,C,29.0
2022-07-08 19:02:00,C,26.0
2022-07-08 19:03:00,C,28.5
2022-07-08 20:02:00,C,25.5
2022-07-08 20:03:00,C,28.0
2022-07-08 21:02:00,C,25.0
2022-07-08 21:03:00,C,27.5
2022-07-08 22:02:00,C,24.5
2022-07-08 22:03:00,C,27.5
2022-07-08 23:02:00,C,24.5
2022-07-08 23:03:00,C,27.0
2022-07-09 00:02:00,C,24.0
2022-07-09 00:03:00,C,26.5
2022-07-09 01:02:00,C,23.0
2022-07-09 01:03:00,C,26.0
2022-07-09 02:02:00,C,22.5
2022-07-09 02:03:00,C,25.0
2022-07-09 03:02:00,C,22.0
2022-07-09 03:03:00,C,23.5
2022-07-09 04:02:00,C,21.5
2022-07-09 04:03:00,C,23.0
2022-07-09 05:02:00,C,21.5
2022-07-09 05:03:00,C,22.5
2022-07-09 06:02:00,C,20.5
2022-07-09 06:03:00,C,22.0
2022-07-09 07:02:00,C,20.5
2022-07-09 07:03:00,C,21.5
2022-07-09 08:02:00,C,20.5
2022-07-09 08:03:00,C,22.0
2022-07-09 09:02:00,C,20.5
2022-07-09 09:03:00,C,22.0
2022-07-09 10:02:00,C,20.0
2022-07-09 10:03:00,C,22.0
2022-07-09 11:02:00,C,19.5
2022-07-09 11:03:00,C,21.5
2022-07-09 12:02:00,C,19.0
2022-07-09 12:03:00,C,21.5
2022-07-09 13:02:00,C,19.0
2022-07-09 13:03:00,C,20.5
2022-07-09 14:02:00,C,19.5
2022-07-09 14:03:00,C,20.5
2022-07-09 15:02:00,C,19.5
2022-07-09 15:03:00,C,21.0
2022-07-09 16:02:00,C,19.5
2022-07-09 16:03:00,C,21.5
2022-07-09 17:02:00,C,19.5
2022-07-09 17:03:00,C,21.5
2022-07-09 18:02:00,C,19.5
2022-07-09 18:03:00,C,21.5
2022-07-09 19:02:00,C,19.5
2022-07-09 19:03:00,C,21.5
2022-07-09 20:02:00,C,19.5
2022-07-09 20:03:00,C,21.5
2022-07-09 21:02:00,C,19.5
2022-07-09 21:03:00,C,21.5
2022-07-09 22:02:00,C,19.5
2022-07-09 22:03:00,C,21.5
2022-07-09 23:02:00,C,19.5
2022-07-09 23:03:00,C,21.5
2022-07-10 00:02:00,C,19.5
2022-07-10 00:03:00,C,21.5
2022-07-10 01:02:00,C,19.0
2022-07-10 01:03:00,C,21.5
2022-07-10 02:02:00,C,18.5
2022-07-10 02:03:00,C,21.0
2022-07-10 03:02:00,C,18.5
2022-07-10 03:03:00,C,20.5
2022-07-10 04:02:00,C,18.0
2022-07-10 04:03:00,C,20.5
2022-07-10 05:02:00,C,18.0
2022-07-10 05:03:00,C,20.5
2022-07-10 06:02:00,C,17.5
2022-07-10 06:03:00,C,20.0
2022-07-10 07:02:00,C,17.5
2022-07-10 07:03:00,C,20.5
2022-07-10 08:02:00,C,18.0
2022-07-10 08:03:00,C,21.0
2022-07-10 09:02:00,C,19.0
2022-07-10 09:03:00,C,22.0
2022-07-10 10:02:00,C,20.0
2022-07-10 10:03:00,C,22.5
2022-07-10 11:02:00,C,21.5
2022-07-10 11:03:00,C,24.0
2022-07-10 12:02:00,C,22.5
2022-07-10 12:03:00,C,25.0
2022-07-10 13:02:00,C,23.0
2022-07-10 13:03:00,C,26.0
2022-07-10 14:02:00,C,24.0
2022-07-10 14:03:00,C,27.0
2022-07-10 15:02:00,C,24.0
2022-07-10 15:03:00,C,27.5
2022-07-10 16:02:00,C,24.5
2022-07-10 16:03:00,C,28.5
2022-07-10 17:02:00,C,24.5
2022-07-10 17:03:00,C,28.5
2022-07-10 18:02:00,C,24.5
2022-07-10 18:03:00,C,28.5
2022-07-10 19:02:00,C,23.5
2022-07-10 19:03:00,C,27.0
2022-07-10 20:02:00,C,23.0
2022-07-10 20:03:00,C,26.0
2022-07-10 21:02:00,C,22.0
2022-07-10 21:03:00,C,25.0
2022-07-10 22:02:00,C,21.0
2022-07-10 22:03:00,C,24.5
2022-07-10 23:02:00,C,19.5
2022-07-10 23:03:00,C,24.0
2022-07-11 00:02:00,C,19.0
2022-07-11 00:03:00,C,23.5
2022-07-11 01:02:00,C,19.0
2022-07-11 01:03:00,C,23.0
2022-07-11 02:02:00,C,17.5
2022-07-11 02:03:00,C,22.0
2022-07-11 03:02:00,C,17.0
2022-07-11 03:03:00,C,21.5
2022-07-11 04:02:00,C,17.0
2022-07-11 04:03:00,C,21.0
2022-07-11 05:02:00,C,16.5
2022-07-11 05:03:00,C,20.0
2022-07-11 06:02:00,C,16.0
2022-07-11 06:03:00,C,19.5
2022-07-11 07:02:00,C,16.5
2022-07-11 07:03:00,C,19.5
2022-07-11 08:02:00,C,18.5
2022-07-11 08:03:00,C,20.0
2022-07-11 09:02:00,C,20.5
2022-07-11 09:03:00,C,21.5
2022-07-11 10:02:00,C,22.0
2022-07-11 10:03:00,C,23.0
2022-07-11 11:02:00,C,24.0
2022-07-11 11:03:00,C,24.0
2022-07-11 12:02:00,C,24.5
2022-07-11 12:03:00,C,26.0
2022-07-11 13:02:00,C,25.5
2022-07-11 13:03:00,C,27.0
2022-07-11 14:02:00,C,25.5
2022-07-11 14:03:00,C,28.5
2022-07-11 15:02:00,C,26.0
2022-07-11 15:03:00,C,29.0
2022-07-11 16:02:00,C,26.0
2022-07-11 16:03:00,C,29.5
2022-07-11 17:02:00,C,26.0
2022-07-11 17:03:00,C,29.5
2022-07-11 18:02:00,C,26.0
2022-07-11 18:03:00,C,29.5
2022-07-11 19:02:00,C,25.5
2022-07-11 19:03:00,C,28.5
2022-07-11 20:02:00,C,24.5
2022-07-11 20:03:00,C,27.5
2022-07-11 21:02:00,C,23.0
2022-07-11 21:03:00,C,26.5
2022-07-11 22:02:00,C,21.5
2022-07-11 22:03:00,C,25.5
2022-07-11 23:02:00,C,21.0
2022-07-11 23:03:00,C,24.5
2022-07-12 00:02:00,C,20.0
2022-07-12 00:03:00,C,23.5
2022-07-12 01:02:00,C,20.0
2022-07-12 01:03:00,C,23.0
2022-07-12 02:02:00,C,19.5
2022-07-12 02:03:00,C,22.5
2022-07-12 03:02:00,C,18.5
2022-07-12 03:03:00,C,22.0
2022-07-12 04:02:00,C,18.0
2022-07-12 04:03:00,C,21.5
2022-07-12 05:02:00,C,18.5
2022-07-12 05:03:00,C,21.5
2022-07-12 06:02:00,C,19.0
2022-07-12 06:03:00,C,21.0
2022-07-12 07:02:00,C,19.0
2022-07-12 07:03:00,C,21.0
2022-07-12 08:02:00,C,20.5
2022-07-12 08:03:00,C,22.0
2022-07-12 09:02:00,C,21.5
2022-07-12 09:03:00,C,24.0
2022-07-12 10:02:00,C,24.0
2022-07-12 10:03:00,C,25.5
2022-07-12 11:02:00,C,26.5
2022-07-12 11:03:00,C,27.0
2022-07-12 12:02:00,C,28.0
2022-07-12 12:03:00,C,29.0
2022-07-12 13:02:00,C,28.5
2022-07-12 13:03:00,C,30.5
2022-07-12 14:02:00,C,29.0
2022-07-12 14:03:00,C,31.0
2022-07-12 15:02:00,C,29.5
2022-07-12 15:03:00,C,31.5
2022-07-12 16:02:00,C,29.0
2022-07-12 16:03:00,C,32.5
2022-07-12 17:02:00,C,18.0
2022-07-12 17:03:00,C,26.0
2022-07-12 18:02:00,C,18.5
2022-07-12 18:03:00,C,26.0
2022-07-12 19:02:00,C,19.5
2022-07-12 19:03:00,C,26.0
2022-07-12 20:02:00,C,20.0
2022-07-12 20:03:00,C,25.0
2022-07-12 21:02:00,C,20.0
2022-07-12 21:03:00,C,24.0
2022-07-12 22:02:00,C,20.0
2022-07-12 22:03:00,C,24.0
2022-07-12 23:02:00,C,20.0
2022-07-12 23:03:00,C,24.0
2022-07-13 00:02:00,C,20.0
2022-07-13 00:03:00,C,24.0
2022-07-13 01:02:00,C,20.0
2022-07-13 01:03:00,C,23.5
2022-07-13 02:02:00,C,20.5
2022-07-13 02:03:00,C,23.5
2022-07-13 03:02:00,C,21.0
2022-07-13 03:03:00,C,23.0
2022-07-13 04:02:00,C,21.0
2022-07-13 04:03:00,C,23.0
2022-07-13 05:02:00,C,21.0
2022-07-13 05:03:00,C,23.0
2022-07-13 06:02:00,C,20.5
2022-07-13 06:03:00,C,23.0
2022-07-13 07:02:00,C,21.0
2022-07-13 07:03:00,C,23.0
2022-07-13 08:02:00,C,22.0
2022-07-13 08:03:00,C,23.5
2022-07-13 09:02:00,C,23.0
2022-07-13 09:03:00,C,25.0
2022-07-13 10:02:00,C,24.5
2022-07-13 10:03:00,C,27.0
2022-07-13 11:02:00,C,26.0
2022-07-13 11:03:00,C,28.0
2022-07-13 12:02:00,C,27.0
2022-07-13 12:03:00,C,29.0
2022-07-13 13:02:00,C,27.0
2022-07-13 13:03:00,C,30.0
2022-07-13 14:02:00,C,27.5
2022-07-13 14:03:00,C,30.0
2022-07-13 15:02:00,C,27.5
2022-07-13 15:03:00,C,31.5
2022-07-13 16:02:00,C,27.5
2022-07-13 16:03:00,C,32.0
2022-07-13 17:02:00,C,27.5
2022-07-13 17:03:00,C,32.0
2022-07-13 18:02:00,C,27.5
2022-07-13 18:03:00,C,32.5
2022-07-13 19:02:00,C,27.5
2022-07-13 19:03:00,C,32.0
2022-07-13 20:02:00,C,26.5
2022-07-13 20:03:00,C,30.5
2022-07-13 21:02:00,C,31.5
2022-07-13 21:03:00,C,29.5
2022-07-13 22:02:00,C,30.5
2022-07-13 22:03:00,C,29.0
2022-07-13 23:02:00,C,29.5
2022-07-13 23:03:00,C,28.5
2022-07-14 00:02:00,C,28.0
2022-07-14 00:03:00,C,27.5
2022-07-14 01:02:00,C,27.0
2022-07-14 01:03:00,C,27.0
2022-07-14 02:02:00,C,26.5
2022-07-14 02:03:00,C,26.5
2022-07-14 03:02:00,C,26.0
2022-07-14 03:03:00,C,26.5
2022-07-14 04:02:00,C,25.5
2022-07-14 04:03:00,C,25.5
2022-07-14 05:02:00,C,24.5
2022-07-14 05:03:00,C,24.5
2022-07-14 06:02:00,C,24.0
2022-07-14 06:03:00,C,24.5
2022-07-14 07:02:00,C,23.5
2022-07-14 07:03:00,C,24.0
2022-07-14 08:02:00,C,24.5
2022-07-14 08:03:00,C,24.5
2022-07-14 09:02:00,C,26.5
2022-07-14 09:03:00,C,26.5
2022-07-14 10:02:00,C,28.0
2022-07-14 10:03:00,C,27.5
